File,Hardware,Linearization,Precision,Outer loop,Outer steps,BC on x,BC on y,Simulation,Nu,Grid,Krylov solver,Newton tol,Krylov tol,Newton MaxIt,Krylov MaxIt,Max BT iters,Total Successes,Total Failures,Win Rate,Average - Newton Iters per Outer Step,Std Dev - Newton Iters per Outer Step,Max - Newton Iters per Outer Step,Min - Newton Iters per Outer Step,Average - Krylov Iters per Newton Step,Std Dev - Krylov Iters per Newton Step,Max - Krylov Iters per Newton Step,Min - Krylov Iters per Newton Step,"Average - Time per Newton Iter, s","Std Dev - Time per Newton Iter, s","Max - Time per Newton Iter, s","Min - Time per Newton Iter, s","Average - Time per Outer Step, s","Std Dev - Time per Outer Step, s","Max - Time per Outer Step, s","Min - Time per Outer Step, s",Total Solver Time,Total Wall Time,Severe Failures,Chi,Eps,Diff,Unified_Config,Slowdown
burgers_062_summary.txt,CPU,Automatic Differentiation,float64,time,200,periodic,periodic,TGV,0.01,"(128, 128)",BICGSTAB,1e-06,1e-08,15,100,10,74,126,37.00%,10.63,5.70,15,3,1.97,1.60,11,0,0.0026,0.0013,0.0081,0.0002,0.0281,0.0193,0.0912,0.0044,5.6292,5.8329,126,,,,TGV,1.00x
burgers_061_summary.txt,CPU,Automatic Differentiation,float64,time,200,periodic,periodic,TGV,0.01,"(128, 128)",GMRES,1e-06,1e-08,15,100,10,74,126,37.00%,10.63,5.70,15,3,11.84,116.14,1985,1,0.0056,0.0400,0.7425,0.0002,0.0598,0.1272,0.7606,0.0060,11.9560,12.1584,126,,,,TGV,2.12x
burgers_064_summary.txt,CPU,Finite Difference,float64,time,200,periodic,periodic,TGV,0.01,"(128, 128)",BICGSTAB,1e-06,1e-08,15,100,10,0,200,0.00%,15.00,0.00,15,15,41.64,49.20,100,0,0.0197,0.0210,0.0594,0.0007,0.2965,0.2958,0.7009,0.0239,59.3085,59.5137,200,,,,TGV,10.54x
burgers_060_summary.txt,CPU,Automatic Differentiation,float64,time,200,periodic,periodic,TGV,0.01,"(64, 64)",BICGSTAB,1e-06,1e-08,15,100,10,48,152,24.00%,12.19,5.01,15,3,1.70,1.63,14,0,0.0013,0.0006,0.0040,0.0001,0.0161,0.0086,0.0445,0.0024,3.2161,3.3585,152,,,,TGV,1.00x
burgers_059_summary.txt,CPU,Automatic Differentiation,float64,time,200,periodic,periodic,TGV,0.01,"(64, 64)",GMRES,1e-06,1e-08,15,100,10,48,152,24.00%,12.19,5.01,15,3,10.54,103.58,1985,1,0.0026,0.0181,0.3850,0.0001,0.0323,0.0612,0.3942,0.0029,6.4570,6.6029,152,,,,TGV,2.01x
burgers_063_summary.txt,CPU,Finite Difference,float64,time,200,periodic,periodic,TGV,0.01,"(64, 64)",BICGSTAB,1e-06,1e-08,15,100,10,0,200,0.00%,15.00,0.00,15,15,30.41,45.92,100,0,0.0066,0.0085,0.0297,0.0004,0.0987,0.1219,0.3229,0.0113,19.7419,19.8790,200,,,,TGV,6.14x
burgers_011_summary.txt,CPU,Automatic Differentiation,float32,time,200,periodic,periodic,TGV,0.01,"(64, 64)",GMRES,0.0001,1e-06,15,100,10,27,173,13.50%,13.40,4.05,15,3,58.37,300.08,1990,1,0.0090,0.0419,0.2843,0.0001,0.1213,0.3298,2.0171,0.0025,24.2681,24.3983,173,,,,TGV,7.55x
burgers_009_summary.txt,CPU,Automatic Differentiation,float32,time,200,periodic,periodic,TGV,0.05,"(128, 128)",BICGSTAB,0.0001,1e-06,15,100,10,200,0,100.00%,2.00,0.00,2,2,2.00,0.00,2,2,0.0007,0.0006,0.0019,0.0001,0.0019,0.0030,0.0447,0.0013,0.3732,0.5688,0,,,,TGV,1.00x
burgers_008_summary.txt,CPU,Automatic Differentiation,float32,time,200,periodic,periodic,TGV,0.05,"(128, 128)",GMRES,0.0001,1e-06,15,100,10,200,0,100.00%,2.00,0.00,2,2,4.00,0.00,4,4,0.0010,0.0009,0.0028,0.0001,0.0024,0.0032,0.0473,0.0015,0.4857,0.7256,0,,,,TGV,1.30x
burgers_054_summary.txt,CPU,Automatic Differentiation,float64,time,200,periodic,periodic,TGV,0.05,"(128, 128)",BICGSTAB,1e-06,1e-08,15,100,10,200,0,100.00%,3.00,0.00,3,3,2.77,0.87,4,2,0.0017,0.0011,0.0060,0.0001,0.0055,0.0041,0.0618,0.0040,1.0948,1.3077,0,,,,TGV,2.93x
burgers_053_summary.txt,CPU,Automatic Differentiation,float64,time,200,periodic,periodic,TGV,0.05,"(128, 128)",GMRES,1e-06,1e-08,15,100,10,200,0,100.00%,3.00,0.00,3,3,5.72,1.05,8,4,0.0023,0.0016,0.0076,0.0001,0.0075,0.0041,0.0627,0.0051,1.4978,1.7195,0,,,,TGV,4.01x
burgers_058_summary.txt,CPU,Finite Difference,float64,time,200,periodic,periodic,TGV,0.05,"(128, 128)",BICGSTAB,1e-06,1e-08,15,100,10,0,200,0.00%,15.00,0.00,15,15,93.48,24.39,100,2,0.0470,0.0131,0.0893,0.0017,0.7050,0.0733,0.9781,0.6165,140.9952,141.1912,0,,,,TGV,377.80x
burgers_057_summary.txt,CPU,Finite Difference,float64,time,200,periodic,periodic,TGV,0.05,"(128, 128)",GMRES,1e-06,1e-08,15,100,10,144,56,72.00%,5.64,5.84,15,2,1584.53,797.81,1991,3,0.5698,0.3774,0.9532,0.0001,3.2142,5.1532,12.2893,0.0021,642.8453,643.0277,56,,,,TGV,1722.52x
burgers_007_summary.txt,CPU,Automatic Differentiation,float32,time,200,periodic,periodic,TGV,0.05,"(64, 64)",BICGSTAB,0.0001,1e-06,15,100,10,200,0,100.00%,2.37,0.48,3,2,2.50,0.76,4,2,0.0005,0.0003,0.0011,0.0001,0.0015,0.0028,0.0405,0.0009,0.2941,0.4315,0,,,,TGV,1.00x
burgers_006_summary.txt,CPU,Automatic Differentiation,float32,time,200,periodic,periodic,TGV,0.05,"(64, 64)",GMRES,0.0001,1e-06,15,100,10,200,0,100.00%,2.36,0.48,3,2,5.07,1.40,9,4,0.0006,0.0004,0.0015,0.0001,0.0017,0.0028,0.0401,0.0010,0.3443,0.4759,0,,,,TGV,1.17x
burgers_052_summary.txt,CPU,Automatic Differentiation,float64,time,200,periodic,periodic,TGV,0.05,"(64, 64)",BICGSTAB,1e-06,1e-08,15,100,10,200,0,100.00%,2.96,0.21,3,2,3.30,0.72,5,2,0.0011,0.0008,0.0036,0.0001,0.0036,0.0030,0.0445,0.0011,0.7250,0.8668,0,,,,TGV,2.47x
burgers_051_summary.txt,CPU,Automatic Differentiation,float64,time,200,periodic,periodic,TGV,0.05,"(64, 64)",GMRES,1e-06,1e-08,15,100,10,200,0,100.00%,2.96,0.21,3,2,6.60,1.06,8,5,0.0011,0.0008,0.0032,0.0001,0.0037,0.0031,0.0459,0.0013,0.7430,0.8874,0,,,,TGV,2.53x
burgers_010_summary.txt,CPU,Finite Difference,float32,time,200,periodic,periodic,TGV,0.05,"(64, 64)",BICGSTAB,0.0001,1e-06,15,100,10,6,194,3.00%,14.61,2.22,15,2,97.84,11.27,100,3,0.0137,0.0017,0.0151,0.0001,0.2000,0.0347,0.2429,0.0033,40.0000,40.1387,66,,,,TGV,136.01x
burgers_056_summary.txt,CPU,Finite Difference,float64,time,200,periodic,periodic,TGV,0.05,"(64, 64)",BICGSTAB,1e-06,1e-08,15,100,10,9,191,4.50%,14.41,2.69,15,2,93.23,24.75,100,2,0.0197,0.0058,0.0314,0.0001,0.2840,0.0631,0.3516,0.0011,56.8051,57.3558,72,,,,TGV,193.15x
burgers_055_summary.txt,CPU,Finite Difference,float64,time,200,periodic,periodic,TGV,0.05,"(64, 64)",GMRES,1e-06,1e-08,15,100,10,0,200,0.00%,15.00,0.00,15,15,1858.55,493.98,2000,7,0.3300,0.0890,0.4594,0.0014,4.9501,0.1794,5.7020,4.7615,990.0236,990.1719,200,,,,TGV,3366.28x
burgers_004_summary.txt,CPU,Automatic Differentiation,float32,time,200,periodic,periodic,TGV,0.1,"(128, 128)",BICGSTAB,0.0001,1e-06,15,100,10,200,0,100.00%,2.00,0.00,2,2,2.00,0.00,2,2,0.0006,0.0005,0.0019,0.0001,0.0016,0.0030,0.0438,0.0012,0.3206,0.5061,0,,,,TGV,1.00x
burgers_003_summary.txt,CPU,Automatic Differentiation,float32,time,200,periodic,periodic,TGV,0.1,"(128, 128)",GMRES,0.0001,1e-06,15,100,10,200,0,100.00%,2.00,0.00,2,2,4.00,0.00,4,4,0.0011,0.0063,0.1255,0.0001,0.0026,0.0125,0.1790,0.0015,0.5192,0.8794,0,,,,TGV,1.62x
burgers_046_summary.txt,CPU,Automatic Differentiation,float64,time,200,periodic,periodic,TGV,0.1,"(128, 128)",BICGSTAB,1e-06,1e-08,15,100,10,200,0,100.00%,2.92,0.26,3,2,2.15,0.36,3,2,0.0013,0.0008,0.0028,0.0002,0.0042,0.0040,0.0594,0.0018,0.8310,1.0330,0,,,,TGV,2.59x
burgers_045_summary.txt,CPU,Automatic Differentiation,float64,time,200,periodic,periodic,TGV,0.1,"(128, 128)",GMRES,1e-06,1e-08,15,100,10,200,0,100.00%,2.92,0.26,3,2,4.36,0.68,6,4,0.0020,0.0059,0.1422,0.0002,0.0063,0.0148,0.2145,0.0024,1.2671,1.6530,0,,,,TGV,3.95x
burgers_050_summary.txt,CPU,Finite Difference,float64,time,200,periodic,periodic,TGV,0.1,"(128, 128)",BICGSTAB,1e-06,1e-08,15,100,10,15,185,7.50%,14.03,3.42,15,2,92.98,25.28,100,2,0.0514,0.0156,0.0811,0.0002,0.7215,0.2187,1.0081,0.0023,144.3064,144.5186,0,,,,TGV,450.11x
burgers_049_summary.txt,CPU,Finite Difference,float64,time,200,periodic,periodic,TGV,0.1,"(128, 128)",GMRES,1e-06,1e-08,15,100,10,95,105,47.50%,8.82,6.49,15,2,1751.25,643.54,2000,4,0.6898,0.3119,1.0598,0.0002,6.0883,5.8112,13.3783,0.0023,1217.6523,1217.8410,105,,,,TGV,3798.04x
burgers_002_summary.txt,CPU,Automatic Differentiation,float32,time,200,periodic,periodic,TGV,0.1,"(64, 64)",BICGSTAB,0.0001,1e-06,15,100,10,200,0,100.00%,2.04,0.18,3,2,2.05,0.22,3,2,0.0004,0.0003,0.0010,0.0001,0.0011,0.0026,0.0378,0.0008,0.2229,0.3498,0,,,,TGV,1.00x
burgers_001_summary.txt,CPU,Automatic Differentiation,float32,time,200,periodic,periodic,TGV,0.1,"(64, 64)",GMRES,0.0001,1e-06,15,100,10,200,0,100.00%,2.04,0.18,3,2,4.11,0.55,7,4,0.0008,0.0058,0.1178,0.0001,0.0021,0.0140,0.1999,0.0010,0.4156,1.0323,0,,,,TGV,1.86x
burgers_044_summary.txt,CPU,Automatic Differentiation,float64,time,200,periodic,periodic,TGV,0.1,"(64, 64)",BICGSTAB,1e-06,1e-08,15,100,10,200,0,100.00%,3.00,0.00,3,3,3.13,0.72,4,2,0.0008,0.0005,0.0017,0.0001,0.0028,0.0027,0.0410,0.0020,0.5544,0.6978,0,,,,TGV,2.49x
burgers_043_summary.txt,CPU,Automatic Differentiation,float64,time,200,periodic,periodic,TGV,0.1,"(64, 64)",GMRES,1e-06,1e-08,15,100,10,200,0,100.00%,3.00,0.00,3,3,5.93,0.96,7,4,0.0013,0.0054,0.1320,0.0001,0.0044,0.0151,0.2179,0.0027,0.8874,1.2222,0,,,,TGV,3.98x
burgers_005_summary.txt,CPU,Finite Difference,float32,time,200,periodic,periodic,TGV,0.1,"(64, 64)",BICGSTAB,0.0001,1e-06,15,100,10,0,200,0.00%,15.00,0.00,15,15,97.66,11.63,100,10,0.0134,0.0016,0.0157,0.0018,0.2016,0.0064,0.2353,0.1909,40.3122,40.4406,42,,,,TGV,180.85x
burgers_048_summary.txt,CPU,Finite Difference,float64,time,200,periodic,periodic,TGV,0.1,"(64, 64)",BICGSTAB,1e-06,1e-08,15,100,10,0,200,0.00%,15.00,0.00,15,15,93.51,24.30,100,2,0.0204,0.0059,0.0320,0.0007,0.3067,0.0333,0.3831,0.2594,61.3411,61.4841,7,,,,TGV,275.20x
burgers_047_summary.txt,CPU,Finite Difference,float64,time,200,periodic,periodic,TGV,0.1,"(64, 64)",GMRES,1e-06,1e-08,15,100,10,0,200,0.00%,15.00,0.00,15,15,1857.48,494.08,2000,6,0.3472,0.0938,0.4611,0.0012,5.2079,0.1054,5.4832,4.8510,1041.5745,1041.7190,200,,,,TGV,4672.83x
burgers_041_summary.txt,CPU,Automatic Differentiation,float32,time,200,periodic,periodic,4VC,0.01,"(128, 128)",BICGSTAB,0.0001,1e-06,15,100,10,200,0,100.00%,2.05,0.22,3,2,2.03,0.18,3,2,0.0007,0.0006,0.0020,0.0001,0.0019,0.0034,0.0490,0.0012,0.3719,0.5492,0,,,,4VC,1.00x
burgers_040_summary.txt,CPU,Automatic Differentiation,float32,time,200,periodic,periodic,4VC,0.01,"(128, 128)",GMRES,0.0001,1e-06,15,100,10,200,0,100.00%,2.05,0.22,3,2,4.17,0.65,7,4,0.0008,0.0007,0.0026,0.0001,0.0020,0.0034,0.0488,0.0015,0.4063,0.8430,0,,,,4VC,1.09x
burgers_105_summary.txt,CPU,Automatic Differentiation,float64,time,200,periodic,periodic,4VC,0.01,"(128, 128)",BICGSTAB,1e-06,1e-08,15,100,10,200,0,100.00%,2.67,0.47,3,2,3.06,0.82,4,2,0.0014,0.0010,0.0040,0.0002,0.0042,0.0043,0.0620,0.0020,0.8439,1.0273,0,,,,4VC,2.27x
burgers_104_summary.txt,CPU,Automatic Differentiation,float64,time,200,periodic,periodic,4VC,0.01,"(128, 128)",GMRES,1e-06,1e-08,15,100,10,200,0,100.00%,2.67,0.47,3,2,6.06,1.07,8,4,0.0017,0.0012,0.0057,0.0002,0.0051,0.0046,0.0663,0.0022,1.0169,1.1950,0,,,,4VC,2.73x
burgers_107_summary.txt,CPU,Finite Difference,float64,time,200,periodic,periodic,4VC,0.01,"(128, 128)",BICGSTAB,1e-06,1e-08,15,100,10,65,135,32.50%,10.78,6.09,15,2,90.67,28.69,100,2,0.0405,0.0149,0.0698,0.0001,0.4366,0.3032,0.7495,0.0021,87.3185,87.5107,10,,,,4VC,234.79x
burgers_039_summary.txt,CPU,Automatic Differentiation,float32,time,200,periodic,periodic,4VC,0.01,"(64, 64)",BICGSTAB,0.0001,1e-06,15,100,10,200,0,100.00%,2.11,0.31,3,2,2.36,0.65,5,2,0.0004,0.0003,0.0012,0.0001,0.0012,0.0028,0.0409,0.0008,0.2480,0.3916,0,,,,4VC,1.00x
burgers_038_summary.txt,CPU,Automatic Differentiation,float32,time,200,periodic,periodic,4VC,0.01,"(64, 64)",GMRES,0.0001,1e-06,15,100,10,200,0,100.00%,2.11,0.31,3,2,4.78,1.32,9,4,0.0005,0.0004,0.0017,0.0001,0.0014,0.0028,0.0410,0.0010,0.2899,0.4356,0,,,,4VC,1.17x
burgers_103_summary.txt,CPU,Automatic Differentiation,float64,time,200,periodic,periodic,4VC,0.01,"(64, 64)",BICGSTAB,1e-06,1e-08,15,100,10,200,0,100.00%,2.41,0.49,3,2,3.27,1.23,6,2,0.0006,0.0005,0.0021,0.0001,0.0019,0.0029,0.0419,0.0009,0.3771,0.5275,0,,,,4VC,1.52x
burgers_102_summary.txt,CPU,Automatic Differentiation,float64,time,200,periodic,periodic,4VC,0.01,"(64, 64)",GMRES,1e-06,1e-08,15,100,10,200,0,100.00%,2.41,0.49,3,2,6.61,2.09,12,4,0.0008,0.0007,0.0026,0.0001,0.0023,0.0031,0.0436,0.0011,0.4604,0.6125,0,,,,4VC,1.86x
burgers_106_summary.txt,CPU,Finite Difference,float64,time,200,periodic,periodic,4VC,0.01,"(64, 64)",BICGSTAB,1e-06,1e-08,15,100,10,118,82,59.00%,7.33,6.39,15,2,85.56,34.60,100,2,0.0153,0.0078,0.0204,0.0001,0.1126,0.1339,0.3029,0.0009,22.5204,22.6688,22,,,,4VC,90.81x
burgers_042_summary.txt,CPU,Finite Difference,float32,time,200,periodic,periodic,4VC,0.01,"(64, 64)",BICGSTAB,0.0001,1e-06,15,100,10,53,147,26.50%,11.59,5.70,15,2,96.28,15.37,100,11,0.0128,0.0028,0.0148,0.0001,0.1491,0.0854,0.2453,0.0021,29.8211,29.9623,15,,,,4VC,120.25x
burgers_035_summary.txt,CPU,Automatic Differentiation,float32,time,200,periodic,periodic,4VC,0.05,"(128, 128)",BICGSTAB,0.0001,1e-06,15,100,10,200,0,100.00%,2.00,0.00,2,2,2.02,0.12,3,2,0.0007,0.0006,0.0020,0.0001,0.0019,0.0032,0.0473,0.0013,0.3742,0.5504,0,,,,4VC,1.00x
burgers_034_summary.txt,CPU,Automatic Differentiation,float32,time,200,periodic,periodic,4VC,0.05,"(128, 128)",GMRES,0.0001,1e-06,15,100,10,200,0,100.00%,2.00,0.00,2,2,4.00,0.00,4,4,0.0008,0.0007,0.0024,0.0001,0.0021,0.0032,0.0467,0.0015,0.4122,0.5895,0,,,,4VC,1.10x
burgers_097_summary.txt,CPU,Automatic Differentiation,float64,time,200,periodic,periodic,4VC,0.05,"(128, 128)",BICGSTAB,1e-06,1e-08,15,100,10,200,0,100.00%,2.23,0.42,3,2,2.09,0.28,3,2,0.0010,0.0007,0.0025,0.0002,0.0026,0.0042,0.0605,0.0016,0.5213,0.7024,0,,,,4VC,1.39x
burgers_096_summary.txt,CPU,Automatic Differentiation,float64,time,200,periodic,periodic,4VC,0.05,"(128, 128)",GMRES,1e-06,1e-08,15,100,10,200,0,100.00%,2.23,0.42,3,2,4.30,0.52,6,4,0.0011,0.0008,0.0026,0.0002,0.0029,0.0042,0.0612,0.0018,0.5768,0.7631,0,,,,4VC,1.54x
burgers_101_summary.txt,CPU,Finite Difference,float64,time,200,periodic,periodic,4VC,0.05,"(128, 128)",BICGSTAB,1e-06,1e-08,15,100,10,153,47,76.50%,5.05,5.51,15,2,77.16,41.43,100,2,0.0311,0.0221,0.0585,0.0002,0.1578,0.2810,0.7495,0.0018,31.5571,31.7440,0,,,,4VC,84.33x
burgers_037_summary.txt,CPU,Finite Difference,float32,time,200,periodic,periodic,4VC,0.05,"(128, 128)",BICGSTAB,0.0001,1e-06,15,100,10,58,142,29.00%,11.24,5.88,15,2,95.57,16.40,100,8,0.0294,0.0071,0.0414,0.0001,0.3313,0.2043,0.5215,0.0033,66.2655,66.4435,20,,,,4VC,177.09x
burgers_036_summary.txt,CPU,Finite Difference,float32,time,200,periodic,periodic,4VC,0.05,"(128, 128)",GMRES,0.0001,1e-06,15,100,10,200,0,100.00%,2.00,0.00,2,2,1972.46,1.07,1973,1963,0.2487,0.2487,0.5249,0.0001,0.4978,0.0122,0.5369,0.4698,99.5524,99.7187,0,,,,4VC,266.04x
burgers_100_summary.txt,CPU,Finite Difference,float64,time,200,periodic,periodic,4VC,0.05,"(128, 128)",GMRES,1e-06,1e-08,15,100,10,175,25,87.50%,3.62,4.30,15,2,1266.33,953.70,1991,3,0.3587,0.3705,0.8319,0.0001,1.3007,3.4367,11.2927,0.0018,260.1487,260.3298,25,,,,4VC,695.21x
burgers_033_summary.txt,CPU,Automatic Differentiation,float32,time,200,periodic,periodic,4VC,0.05,"(64, 64)",BICGSTAB,0.0001,1e-06,15,100,10,200,0,100.00%,2.02,0.14,3,2,2.03,0.18,3,2,0.0004,0.0003,0.0010,0.0001,0.0011,0.0028,0.0401,0.0008,0.2198,0.3646,0,,,,4VC,1.00x
burgers_032_summary.txt,CPU,Automatic Differentiation,float32,time,200,periodic,periodic,4VC,0.05,"(64, 64)",GMRES,0.0001,1e-06,15,100,10,200,0,100.00%,2.02,0.14,3,2,4.10,0.45,7,4,0.0005,0.0004,0.0013,0.0001,0.0013,0.0027,0.0400,0.0010,0.2510,0.3972,0,,,,4VC,1.14x
burgers_095_summary.txt,CPU,Automatic Differentiation,float64,time,200,periodic,periodic,4VC,0.05,"(64, 64)",BICGSTAB,1e-06,1e-08,15,100,10,200,0,100.00%,2.27,0.44,3,2,2.46,0.70,5,2,0.0005,0.0004,0.0014,0.0001,0.0015,0.0028,0.0406,0.0009,0.2994,0.4477,0,,,,4VC,1.36x
burgers_094_summary.txt,CPU,Automatic Differentiation,float64,time,200,periodic,periodic,4VC,0.05,"(64, 64)",GMRES,1e-06,1e-08,15,100,10,200,0,100.00%,2.27,0.44,3,2,5.05,1.30,9,4,0.0006,0.0005,0.0018,0.0001,0.0018,0.0029,0.0411,0.0011,0.3512,0.5039,0,,,,4VC,1.60x
burgers_099_summary.txt,CPU,Finite Difference,float64,time,200,periodic,periodic,4VC,0.05,"(64, 64)",BICGSTAB,1e-06,1e-08,15,100,10,146,54,73.00%,5.51,5.77,15,2,79.54,39.79,100,2,0.0141,0.0093,0.0252,0.0001,0.0779,0.1268,0.3304,0.0009,15.5843,15.7491,4,,,,4VC,70.90x
burgers_098_summary.txt,CPU,Finite Difference,float64,time,200,periodic,periodic,4VC,0.05,"(64, 64)",GMRES,1e-06,1e-08,15,100,10,0,200,0.00%,15.00,0.00,15,15,1858.34,494.04,1993,8,0.3251,0.0869,0.4242,0.0015,4.8769,0.0700,5.2612,4.7309,975.3736,975.5309,200,,,,4VC,4437.55x
burgers_027_summary.txt,CPU,Automatic Differentiation,float32,time,200,periodic,periodic,4VC,0.1,"(128, 128)",BICGSTAB,0.0001,1e-06,15,100,10,200,0,100.00%,2.00,0.00,2,2,2.00,0.00,2,2,0.0006,0.0005,0.0019,0.0001,0.0017,0.0031,0.0450,0.0012,0.3320,0.7159,0,,,,4VC,1.00x
burgers_026_summary.txt,CPU,Automatic Differentiation,float32,time,200,periodic,periodic,4VC,0.1,"(128, 128)",GMRES,0.0001,1e-06,15,100,10,200,0,100.00%,2.00,0.00,2,2,4.00,0.00,4,4,0.0008,0.0007,0.0023,0.0001,0.0021,0.0031,0.0455,0.0016,0.4120,0.6399,0,,,,4VC,1.24x
burgers_089_summary.txt,CPU,Automatic Differentiation,float64,time,200,periodic,periodic,4VC,0.1,"(128, 128)",BICGSTAB,1e-06,1e-08,15,100,10,200,0,100.00%,2.13,0.34,3,2,2.03,0.16,3,2,0.0011,0.0009,0.0028,0.0001,0.0028,0.0042,0.0611,0.0017,0.5565,0.7450,0,,,,4VC,1.68x
burgers_088_summary.txt,CPU,Automatic Differentiation,float64,time,200,periodic,periodic,4VC,0.1,"(128, 128)",GMRES,1e-06,1e-08,15,100,10,200,0,100.00%,2.13,0.34,3,2,4.17,0.41,6,4,0.0013,0.0010,0.0038,0.0001,0.0032,0.0044,0.0644,0.0021,0.6354,0.8695,0,,,,4VC,1.91x
burgers_093_summary.txt,CPU,Finite Difference,float64,time,200,periodic,periodic,4VC,0.1,"(128, 128)",BICGSTAB,1e-06,1e-08,15,100,10,173,27,86.50%,3.75,4.44,15,2,66.09,46.62,100,2,0.0222,0.0212,0.0540,0.0002,0.0839,0.2076,0.6700,0.0017,16.7772,16.9571,0,,,,4VC,50.53x
burgers_031_summary.txt,CPU,Finite Difference,float32,time,200,periodic,periodic,4VC,0.1,"(128, 128)",BICGSTAB,0.0001,1e-06,15,100,10,0,200,0.00%,15.00,0.00,15,15,96.87,14.74,100,0,0.0318,0.0053,0.0453,0.0007,0.4770,0.0244,0.5326,0.4342,95.3991,95.5720,75,,,,4VC,287.35x
burgers_092_summary.txt,CPU,Finite Difference,float64,time,200,periodic,periodic,4VC,0.1,"(128, 128)",GMRES,1e-06,1e-08,15,100,10,191,9,95.50%,2.58,2.69,15,2,770.10,964.89,1989,4,0.1849,0.3239,0.8399,0.0001,0.4783,2.1932,10.7110,0.0019,95.6681,95.8474,9,,,,4VC,288.16x
burgers_030_summary.txt,CPU,Finite Difference,float32,time,200,periodic,periodic,4VC,0.1,"(128, 128)",GMRES,0.0001,1e-06,15,100,10,200,0,100.00%,2.00,0.00,2,2,1972.53,1.07,1973,1963,0.2567,0.2566,0.5336,0.0001,0.5137,0.0088,0.5609,0.4877,102.7424,102.9163,0,,,,4VC,309.47x
burgers_025_summary.txt,CPU,Automatic Differentiation,float32,time,200,periodic,periodic,4VC,0.1,"(64, 64)",BICGSTAB,0.0001,1e-06,15,100,10,200,0,100.00%,2.00,0.00,2,2,2.00,0.00,2,2,0.0004,0.0003,0.0009,0.0001,0.0011,0.0027,0.0388,0.0008,0.2151,0.3565,0,,,,4VC,1.00x
burgers_024_summary.txt,CPU,Automatic Differentiation,float32,time,200,periodic,periodic,4VC,0.1,"(64, 64)",GMRES,0.0001,1e-06,15,100,10,200,0,100.00%,2.00,0.00,2,2,4.02,0.17,5,3,0.0005,0.0004,0.0013,0.0001,0.0012,0.0027,0.0391,0.0010,0.2486,0.4283,0,,,,4VC,1.16x
burgers_087_summary.txt,CPU,Automatic Differentiation,float64,time,200,periodic,periodic,4VC,0.1,"(64, 64)",BICGSTAB,1e-06,1e-08,15,100,10,200,0,100.00%,2.21,0.40,3,2,2.34,0.60,4,2,0.0005,0.0004,0.0014,0.0001,0.0015,0.0029,0.0412,0.0009,0.2922,0.4450,0,,,,4VC,1.36x
burgers_086_summary.txt,CPU,Automatic Differentiation,float64,time,200,periodic,periodic,4VC,0.1,"(64, 64)",GMRES,1e-06,1e-08,15,100,10,200,0,100.00%,2.21,0.40,3,2,4.81,1.13,8,4,0.0006,0.0005,0.0018,0.0001,0.0017,0.0030,0.0428,0.0011,0.3387,0.5564,0,,,,4VC,1.57x
burgers_091_summary.txt,CPU,Finite Difference,float64,time,200,periodic,periodic,4VC,0.1,"(64, 64)",BICGSTAB,1e-06,1e-08,15,100,10,159,41,79.50%,4.67,5.25,15,2,74.71,42.84,100,2,0.0124,0.0094,0.0252,0.0001,0.0580,0.1124,0.3190,0.0009,11.6036,11.7591,0,,,,4VC,53.95x
burgers_029_summary.txt,CPU,Finite Difference,float32,time,200,periodic,periodic,4VC,0.1,"(64, 64)",BICGSTAB,0.0001,1e-06,15,100,10,140,60,70.00%,5.90,5.96,15,2,89.07,26.31,100,4,0.0107,0.0051,0.0149,0.0001,0.0633,0.0895,0.2544,0.0011,12.6639,12.8071,10,,,,4VC,58.87x
burgers_028_summary.txt,CPU,Finite Difference,float32,time,200,periodic,periodic,4VC,0.1,"(64, 64)",GMRES,0.0001,1e-06,15,100,10,200,0,100.00%,2.00,0.00,2,2,1970.98,3.22,1973,1960,0.1291,0.1290,0.2745,0.0001,0.2586,0.0036,0.2973,0.2543,51.7165,51.8633,0,,,,4VC,240.43x
burgers_090_summary.txt,CPU,Finite Difference,float64,time,200,periodic,periodic,4VC,0.1,"(64, 64)",GMRES,1e-06,1e-08,15,100,10,176,24,88.00%,3.56,4.22,15,2,1247.90,959.01,1991,4,0.1628,0.1716,0.3533,0.0001,0.5799,1.5671,4.8817,0.0011,115.9724,116.1266,24,,,,4VC,539.16x
burgers_023_summary.txt,CPU,Automatic Differentiation,float32,time,200,periodic,periodic,DSL,0.01,"(128, 128)",BICGSTAB,0.0001,1e-06,15,100,10,200,0,100.00%,2.09,0.29,3,2,2.93,0.35,4,2,0.0008,0.0007,0.0021,0.0001,0.0021,0.0032,0.0469,0.0015,0.4162,0.5791,0,,,,DSL,1.00x
burgers_022_summary.txt,CPU,Automatic Differentiation,float32,time,200,periodic,periodic,DSL,0.01,"(128, 128)",GMRES,0.0001,1e-06,15,100,10,200,0,100.00%,2.09,0.29,3,2,5.39,1.18,11,5,0.0009,0.0008,0.0029,0.0001,0.0024,0.0033,0.0480,0.0017,0.4734,0.6374,0,,,,DSL,1.14x
burgers_083_summary.txt,CPU,Automatic Differentiation,float64,time,200,periodic,periodic,DSL,0.01,"(128, 128)",BICGSTAB,1e-06,1e-08,15,100,10,200,0,100.00%,3.00,0.00,3,3,3.58,0.58,5,3,0.0018,0.0012,0.0037,0.0002,0.0058,0.0041,0.0638,0.0045,1.1699,1.3422,0,,,,DSL,2.81x
burgers_082_summary.txt,CPU,Automatic Differentiation,float64,time,200,periodic,periodic,DSL,0.01,"(128, 128)",GMRES,1e-06,1e-08,15,100,10,200,0,100.00%,3.00,0.00,3,3,7.33,1.05,9,6,0.0022,0.0015,0.0049,0.0001,0.0072,0.0042,0.0655,0.0059,1.4352,1.6064,0,,,,DSL,3.45x
burgers_085_summary.txt,CPU,Finite Difference,float64,time,200,periodic,periodic,DSL,0.01,"(128, 128)",BICGSTAB,1e-06,1e-08,15,100,10,0,200,0.00%,15.00,0.00,15,15,93.54,24.18,100,3,0.0417,0.0110,0.0583,0.0017,0.6261,0.0360,0.7482,0.5781,125.2114,125.3703,19,,,,DSL,300.84x
burgers_021_summary.txt,CPU,Automatic Differentiation,float32,time,200,periodic,periodic,DSL,0.01,"(64, 64)",BICGSTAB,0.0001,1e-06,15,100,10,200,0,100.00%,2.98,0.16,3,2,3.34,0.57,4,2,0.0006,0.0004,0.0012,0.0001,0.0022,0.0027,0.0398,0.0011,0.4401,0.5759,0,,,,DSL,1.00x
burgers_020_summary.txt,CPU,Automatic Differentiation,float32,time,200,periodic,periodic,DSL,0.01,"(64, 64)",GMRES,0.0001,1e-06,15,100,10,200,0,100.00%,2.98,0.16,3,2,7.59,1.40,9,5,0.0009,0.0006,0.0015,0.0001,0.0029,0.0027,0.0407,0.0014,0.5747,0.7021,0,,,,DSL,1.31x
burgers_081_summary.txt,CPU,Automatic Differentiation,float64,time,200,periodic,periodic,DSL,0.01,"(64, 64)",BICGSTAB,1e-06,1e-08,15,100,10,200,0,100.00%,3.00,0.00,3,3,5.18,0.76,6,3,0.0010,0.0007,0.0048,0.0001,0.0034,0.0028,0.0426,0.0023,0.6702,0.8176,0,,,,DSL,1.52x
burgers_080_summary.txt,CPU,Automatic Differentiation,float64,time,200,periodic,periodic,DSL,0.01,"(64, 64)",GMRES,1e-06,1e-08,15,100,10,200,0,100.00%,3.00,0.00,3,3,9.87,1.15,11,7,0.0013,0.0009,0.0050,0.0001,0.0044,0.0033,0.0511,0.0032,0.8809,1.0238,0,,,,DSL,2.00x
burgers_084_summary.txt,CPU,Finite Difference,float64,time,200,periodic,periodic,DSL,0.01,"(64, 64)",BICGSTAB,1e-06,1e-08,15,100,10,0,200,0.00%,15.00,0.00,15,15,93.64,23.78,100,3,0.0174,0.0043,0.0244,0.0010,0.2614,0.0070,0.3172,0.2501,52.2887,52.4241,196,,,,DSL,118.81x
burgers_019_summary.txt,CPU,Automatic Differentiation,float32,time,200,periodic,periodic,DSL,0.05,"(128, 128)",BICGSTAB,0.0001,1e-06,15,100,10,200,0,100.00%,2.00,0.07,3,2,2.12,0.34,4,2,0.0006,0.0006,0.0024,0.0001,0.0017,0.0033,0.0479,0.0012,0.3335,0.4986,0,,,,DSL,1.00x
burgers_018_summary.txt,CPU,Automatic Differentiation,float32,time,200,periodic,periodic,DSL,0.05,"(128, 128)",GMRES,0.0001,1e-06,15,100,10,200,0,100.00%,2.00,0.07,3,2,4.28,0.63,8,4,0.0009,0.0008,0.0026,0.0001,0.0022,0.0033,0.0481,0.0015,0.4314,0.5922,0,,,,DSL,1.29x
burgers_076_summary.txt,CPU,Automatic Differentiation,float64,time,200,periodic,periodic,DSL,0.05,"(128, 128)",BICGSTAB,1e-06,1e-08,15,100,10,200,0,100.00%,2.38,0.49,3,2,2.50,0.69,4,2,0.0011,0.0008,0.0035,0.0002,0.0032,0.0043,0.0620,0.0016,0.6353,0.8074,0,,,,DSL,1.90x
burgers_075_summary.txt,CPU,Automatic Differentiation,float64,time,200,periodic,periodic,DSL,0.05,"(128, 128)",GMRES,1e-06,1e-08,15,100,10,200,0,100.00%,2.38,0.49,3,2,5.16,1.38,9,4,0.0015,0.0012,0.0051,0.0002,0.0040,0.0048,0.0674,0.0021,0.8007,0.9786,0,,,,DSL,2.40x
burgers_079_summary.txt,CPU,Finite Difference,float64,time,200,periodic,periodic,DSL,0.05,"(128, 128)",BICGSTAB,1e-06,1e-08,15,100,10,124,76,62.00%,6.94,6.31,15,2,84.53,35.69,100,2,0.0361,0.0194,0.0573,0.0001,0.2513,0.3187,0.7197,0.0018,50.2635,50.4359,1,,,,DSL,150.72x
burgers_078_summary.txt,CPU,Finite Difference,float64,time,200,periodic,periodic,DSL,0.05,"(128, 128)",GMRES,1e-06,1e-08,15,100,10,0,200,0.00%,15.00,0.00,15,15,1857.85,494.17,2000,8,0.7437,0.1993,0.9547,0.0031,11.1555,0.2054,12.0053,10.6509,2231.1088,2231.2886,200,,,,DSL,6689.98x
burgers_017_summary.txt,CPU,Automatic Differentiation,float32,time,200,periodic,periodic,DSL,0.05,"(64, 64)",BICGSTAB,0.0001,1e-06,15,100,10,200,0,100.00%,2.04,0.18,3,2,2.46,0.54,4,2,0.0004,0.0004,0.0012,0.0001,0.0012,0.0028,0.0401,0.0009,0.2478,0.3802,0,,,,DSL,1.00x
burgers_016_summary.txt,CPU,Automatic Differentiation,float32,time,200,periodic,periodic,DSL,0.05,"(64, 64)",GMRES,0.0001,1e-06,15,100,10,200,0,100.00%,2.04,0.18,3,2,4.89,0.79,8,4,0.0005,0.0004,0.0015,0.0001,0.0014,0.0028,0.0401,0.0010,0.2770,0.4009,0,,,,DSL,1.12x
burgers_074_summary.txt,CPU,Automatic Differentiation,float64,time,200,periodic,periodic,DSL,0.05,"(64, 64)",BICGSTAB,1e-06,1e-08,15,100,10,200,0,100.00%,3.00,0.00,3,3,2.75,0.70,5,2,0.0007,0.0004,0.0016,0.0001,0.0023,0.0028,0.0418,0.0019,0.4650,0.6056,0,,,,DSL,1.88x
burgers_073_summary.txt,CPU,Automatic Differentiation,float64,time,200,periodic,periodic,DSL,0.05,"(64, 64)",GMRES,1e-06,1e-08,15,100,10,200,0,100.00%,3.00,0.00,3,3,6.09,1.09,9,5,0.0008,0.0005,0.0021,0.0001,0.0028,0.0029,0.0432,0.0023,0.5528,0.6951,0,,,,DSL,2.23x
burgers_077_summary.txt,CPU,Finite Difference,float64,time,200,periodic,periodic,DSL,0.05,"(64, 64)",BICGSTAB,1e-06,1e-08,15,100,10,0,200,0.00%,15.00,0.00,15,15,93.49,24.37,100,2,0.0186,0.0048,0.0226,0.0008,0.2796,0.0049,0.3100,0.2579,55.9288,56.0592,7,,,,DSL,225.70x
burgers_015_summary.txt,CPU,Automatic Differentiation,float32,time,200,periodic,periodic,DSL,0.1,"(128, 128)",BICGSTAB,0.0001,1e-06,15,100,10,200,0,100.00%,2.00,0.00,2,2,2.10,0.29,3,2,0.0008,0.0006,0.0029,0.0001,0.0019,0.0032,0.0467,0.0012,0.3867,0.5448,0,,,,DSL,1.00x
burgers_014_summary.txt,CPU,Automatic Differentiation,float32,time,200,periodic,periodic,DSL,0.1,"(128, 128)",GMRES,0.0001,1e-06,15,100,10,200,0,100.00%,2.00,0.00,2,2,4.24,0.54,7,4,0.0009,0.0008,0.0035,0.0001,0.0022,0.0032,0.0471,0.0015,0.4450,0.6728,0,,,,DSL,1.15x
burgers_068_summary.txt,CPU,Automatic Differentiation,float64,time,200,periodic,periodic,DSL,0.1,"(128, 128)",BICGSTAB,1e-06,1e-08,15,100,10,200,0,100.00%,2.12,0.33,3,2,2.38,0.72,4,2,0.0011,0.0009,0.0035,0.0001,0.0027,0.0045,0.0638,0.0015,0.5485,0.7149,0,,,,DSL,1.42x
burgers_067_summary.txt,CPU,Automatic Differentiation,float64,time,200,periodic,periodic,DSL,0.1,"(128, 128)",GMRES,1e-06,1e-08,15,100,10,200,0,100.00%,2.12,0.33,3,2,4.91,1.41,9,4,0.0014,0.0011,0.0043,0.0001,0.0033,0.0044,0.0619,0.0021,0.6691,0.9182,0,,,,DSL,1.73x
burgers_072_summary.txt,CPU,Finite Difference,float64,time,200,periodic,periodic,DSL,0.1,"(128, 128)",BICGSTAB,1e-06,1e-08,15,100,10,175,25,87.50%,3.62,4.30,15,2,64.44,47.04,100,2,0.0221,0.0218,0.0518,0.0002,0.0804,0.2072,0.6735,0.0019,16.0820,16.2499,0,,,,DSL,41.59x
burgers_071_summary.txt,CPU,Finite Difference,float64,time,200,periodic,periodic,DSL,0.1,"(128, 128)",GMRES,1e-06,1e-08,15,100,10,154,46,77.00%,4.99,5.47,15,2,1518.81,843.55,2000,3,0.5125,0.3795,0.8831,0.0001,2.5581,4.6769,11.5364,0.0020,511.6134,511.7726,46,,,,DSL,1323.02x
burgers_013_summary.txt,CPU,Automatic Differentiation,float32,time,200,periodic,periodic,DSL,0.1,"(64, 64)",BICGSTAB,0.0001,1e-06,15,100,10,200,0,100.00%,2.01,0.10,3,2,2.14,0.38,4,2,0.0004,0.0003,0.0012,0.0001,0.0011,0.0028,0.0402,0.0009,0.2270,0.3629,0,,,,DSL,1.00x
burgers_012_summary.txt,CPU,Automatic Differentiation,float32,time,200,periodic,periodic,DSL,0.1,"(64, 64)",GMRES,0.0001,1e-06,15,100,10,200,0,100.00%,2.01,0.10,3,2,4.31,0.68,8,4,0.0005,0.0004,0.0016,0.0001,0.0013,0.0028,0.0403,0.0010,0.2601,0.5542,0,,,,DSL,1.15x
burgers_066_summary.txt,CPU,Automatic Differentiation,float64,time,200,periodic,periodic,DSL,0.1,"(64, 64)",BICGSTAB,1e-06,1e-08,15,100,10,200,0,100.00%,2.49,0.50,3,2,2.57,0.72,5,2,0.0006,0.0004,0.0018,0.0001,0.0018,0.0029,0.0417,0.0009,0.3581,0.5009,0,,,,DSL,1.58x
burgers_065_summary.txt,CPU,Automatic Differentiation,float64,time,200,periodic,periodic,DSL,0.1,"(64, 64)",GMRES,1e-06,1e-08,15,100,10,200,0,100.00%,2.49,0.50,3,2,5.32,1.36,9,4,0.0008,0.0006,0.0033,0.0001,0.0022,0.0030,0.0431,0.0011,0.4411,0.6618,0,,,,DSL,1.94x
burgers_070_summary.txt,CPU,Finite Difference,float64,time,200,periodic,periodic,DSL,0.1,"(64, 64)",BICGSTAB,1e-06,1e-08,15,100,10,102,98,51.00%,8.37,6.50,15,2,87.56,32.58,100,2,0.0177,0.0080,0.0240,0.0001,0.1485,0.1505,0.3416,0.0010,29.6939,29.8384,2,,,,DSL,130.81x
burgers_069_summary.txt,CPU,Finite Difference,float64,time,200,periodic,periodic,DSL,0.1,"(64, 64)",GMRES,1e-06,1e-08,15,100,10,106,94,53.00%,8.11,6.49,15,2,1727.20,671.05,2000,3,0.2859,0.1377,0.3866,0.0001,2.3191,2.4615,5.0351,0.0010,463.8126,463.9670,94,,,,DSL,2043.23x
raddiff_020_summary.txt,CPU,Automatic Differentiation,float32,time,200,dirichlet,periodic,CLASSIC_SU_OLSON,,"(128, 128)",BICGSTAB,0.0001,1e-06,15,100,10,200,0,100.00%,2.00,0.00,2,2,2.85,0.53,6,2,0.0008,0.0008,0.0030,0.0001,0.0020,0.0020,0.0299,0.0016,0.3936,0.4858,0,,0.01,,CLASSIC_SU_OLSON,1.00x
raddiff_068_summary.txt,CPU,Automatic Differentiation,float64,time,200,dirichlet,periodic,CLASSIC_SU_OLSON,,"(128, 128)",BICGSTAB,1e-06,1e-08,15,100,10,200,0,100.00%,2.00,0.00,2,2,3.08,0.73,8,2,0.0009,0.0009,0.0036,0.0001,0.0022,0.0022,0.0333,0.0016,0.4343,0.5311,0,,0.01,,CLASSIC_SU_OLSON,1.10x
raddiff_019_summary.txt,CPU,Automatic Differentiation,float32,time,200,dirichlet,periodic,CLASSIC_SU_OLSON,,"(128, 128)",GMRES,0.0001,1e-06,15,100,10,200,0,100.00%,2.00,0.00,2,2,5.55,0.87,11,4,0.0010,0.0009,0.0050,0.0001,0.0023,0.0020,0.0296,0.0018,0.4604,0.5544,0,,0.01,,CLASSIC_SU_OLSON,1.17x
raddiff_067_summary.txt,CPU,Automatic Differentiation,float64,time,200,dirichlet,periodic,CLASSIC_SU_OLSON,,"(128, 128)",GMRES,1e-06,1e-08,15,100,10,200,0,100.00%,2.00,0.00,2,2,5.29,1.51,14,4,0.0011,0.0010,0.0051,0.0001,0.0024,0.0023,0.0349,0.0019,0.4899,0.5849,0,,0.01,,CLASSIC_SU_OLSON,1.24x
raddiff_072_summary.txt,CPU,Finite Difference,float64,time,200,dirichlet,periodic,CLASSIC_SU_OLSON,,"(128, 128)",BICGSTAB,1e-06,1e-08,15,100,10,200,0,100.00%,2.00,0.00,2,2,3.82,1.61,13,3,0.0013,0.0031,0.0588,0.0001,0.0029,0.0060,0.0873,0.0021,0.5899,0.6908,0,,0.01,,CLASSIC_SU_OLSON,1.50x
raddiff_071_summary.txt,CPU,Finite Difference,float64,time,200,dirichlet,periodic,CLASSIC_SU_OLSON,,"(128, 128)",GMRES,1e-06,1e-08,15,100,10,200,0,100.00%,2.00,0.00,2,2,17.61,35.35,255,5,0.0031,0.0087,0.0800,0.0001,0.0066,0.0125,0.0958,0.0023,1.3110,1.4078,0,,0.01,,CLASSIC_SU_OLSON,3.33x
raddiff_024_summary.txt,CPU,Finite Difference,float32,time,200,dirichlet,periodic,CLASSIC_SU_OLSON,,"(128, 128)",BICGSTAB,0.0001,1e-06,15,100,10,23,177,11.50%,13.98,3.05,15,2,90.27,25.20,100,2,0.0305,0.0087,0.0637,0.0001,0.4267,0.1565,0.5295,0.0070,85.3342,85.4287,0,,0.01,,CLASSIC_SU_OLSON,216.80x
raddiff_023_summary.txt,CPU,Finite Difference,float32,time,200,dirichlet,periodic,CLASSIC_SU_OLSON,,"(128, 128)",GMRES,0.0001,1e-06,15,100,10,200,0,100.00%,2.19,0.39,3,2,1981.85,6.24,1991,1966,0.2587,0.2371,0.5428,0.0001,0.5669,0.1878,0.9851,0.4687,113.3783,113.4735,0,,0.01,,CLASSIC_SU_OLSON,288.05x
raddiff_066_summary.txt,CPU,Automatic Differentiation,float64,time,200,dirichlet,periodic,CLASSIC_SU_OLSON,,"(64, 64)",BICGSTAB,1e-06,1e-08,15,100,10,200,0,100.00%,2.00,0.00,2,2,2.69,1.04,8,1,0.0007,0.0006,0.0024,0.0001,0.0016,0.0018,0.0264,0.0012,0.3185,0.4124,0,,0.01,,CLASSIC_SU_OLSON,1.00x
raddiff_018_summary.txt,CPU,Automatic Differentiation,float32,time,200,dirichlet,periodic,CLASSIC_SU_OLSON,,"(64, 64)",BICGSTAB,0.0001,1e-06,15,100,10,200,0,100.00%,2.00,0.00,2,2,2.90,0.53,6,2,0.0007,0.0006,0.0021,0.0001,0.0016,0.0019,0.0277,0.0014,0.3203,0.4096,0,,0.01,,CLASSIC_SU_OLSON,1.01x
raddiff_065_summary.txt,CPU,Automatic Differentiation,float64,time,200,dirichlet,periodic,CLASSIC_SU_OLSON,,"(64, 64)",GMRES,1e-06,1e-08,15,100,10,200,0,100.00%,2.00,0.00,2,2,4.94,1.85,14,3,0.0007,0.0007,0.0031,0.0001,0.0017,0.0018,0.0265,0.0014,0.3468,0.4401,0,,0.01,,CLASSIC_SU_OLSON,1.09x
raddiff_017_summary.txt,CPU,Automatic Differentiation,float32,time,200,dirichlet,periodic,CLASSIC_SU_OLSON,,"(64, 64)",GMRES,0.0001,1e-06,15,100,10,200,0,100.00%,2.00,0.00,2,2,5.42,0.84,11,5,0.0007,0.0007,0.0027,0.0001,0.0018,0.0018,0.0267,0.0015,0.3506,0.4429,0,,0.01,,CLASSIC_SU_OLSON,1.10x
raddiff_070_summary.txt,CPU,Finite Difference,float64,time,200,dirichlet,periodic,CLASSIC_SU_OLSON,,"(64, 64)",BICGSTAB,1e-06,1e-08,15,100,10,200,0,100.00%,2.00,0.00,2,2,3.09,1.20,11,2,0.0008,0.0024,0.0476,0.0001,0.0020,0.0050,0.0720,0.0014,0.3907,0.4881,0,,0.01,,CLASSIC_SU_OLSON,1.23x
raddiff_069_summary.txt,CPU,Finite Difference,float64,time,200,dirichlet,periodic,CLASSIC_SU_OLSON,,"(64, 64)",GMRES,1e-06,1e-08,15,100,10,200,0,100.00%,2.00,0.00,2,2,23.50,71.28,859,4,0.0023,0.0088,0.1415,0.0001,0.0049,0.0125,0.1418,0.0015,0.9793,1.0706,0,,0.01,,CLASSIC_SU_OLSON,3.07x
raddiff_021_summary.txt,CPU,Finite Difference,float32,time,200,dirichlet,periodic,CLASSIC_SU_OLSON,,"(64, 64)",GMRES,0.0001,1e-06,15,100,10,200,0,100.00%,2.04,0.20,3,2,1983.26,5.46,1991,1967,0.1415,0.1387,0.3237,0.0001,0.2890,0.0549,0.6192,0.2733,57.7990,57.8888,0,,0.01,,CLASSIC_SU_OLSON,181.47x
raddiff_022_summary.txt,CPU,Finite Difference,float32,time,200,dirichlet,periodic,CLASSIC_SU_OLSON,,"(64, 64)",BICGSTAB,0.0001,1e-06,15,100,10,10,190,5.00%,14.66,1.74,15,3,96.47,15.46,100,5,0.0205,0.0034,0.0470,0.0001,0.3005,0.0615,0.3413,0.0089,60.0963,60.1847,0,,0.01,,CLASSIC_SU_OLSON,188.69x
raddiff_012_summary.txt,CPU,Automatic Differentiation,float32,time,200,dirichlet,periodic,CLASSIC_SU_OLSON,,"(128, 128)",BICGSTAB,0.0001,1e-06,15,100,10,200,0,100.00%,2.00,0.00,2,2,2.79,0.57,6,2,0.0008,0.0008,0.0048,0.0001,0.0020,0.0019,0.0285,0.0017,0.3980,0.4910,0,,0.1,,CLASSIC_SU_OLSON,1.00x
raddiff_060_summary.txt,CPU,Automatic Differentiation,float64,time,200,dirichlet,periodic,CLASSIC_SU_OLSON,,"(128, 128)",BICGSTAB,1e-06,1e-08,15,100,10,200,0,100.00%,2.00,0.00,2,2,2.88,0.85,8,2,0.0009,0.0009,0.0036,0.0001,0.0022,0.0022,0.0331,0.0016,0.4341,0.5324,0,,0.1,,CLASSIC_SU_OLSON,1.09x
raddiff_011_summary.txt,CPU,Automatic Differentiation,float32,time,200,dirichlet,periodic,CLASSIC_SU_OLSON,,"(128, 128)",GMRES,0.0001,1e-06,15,100,10,200,0,100.00%,2.00,0.00,2,2,5.15,0.82,11,4,0.0009,0.0009,0.0035,0.0001,0.0022,0.0021,0.0314,0.0018,0.4391,0.5325,0,,0.1,,CLASSIC_SU_OLSON,1.10x
raddiff_059_summary.txt,CPU,Automatic Differentiation,float64,time,200,dirichlet,periodic,CLASSIC_SU_OLSON,,"(128, 128)",GMRES,1e-06,1e-08,15,100,10,200,0,100.00%,2.00,0.00,2,2,5.28,1.53,14,4,0.0011,0.0010,0.0049,0.0001,0.0025,0.0023,0.0348,0.0019,0.4958,0.5937,0,,0.1,,CLASSIC_SU_OLSON,1.25x
raddiff_064_summary.txt,CPU,Finite Difference,float64,time,200,dirichlet,periodic,CLASSIC_SU_OLSON,,"(128, 128)",BICGSTAB,1e-06,1e-08,15,100,10,200,0,100.00%,2.00,0.00,2,2,3.29,1.02,8,2,0.0013,0.0031,0.0600,0.0001,0.0028,0.0062,0.0907,0.0021,0.5654,0.6637,0,,0.1,,CLASSIC_SU_OLSON,1.42x
raddiff_063_summary.txt,CPU,Finite Difference,float64,time,200,dirichlet,periodic,CLASSIC_SU_OLSON,,"(128, 128)",GMRES,1e-06,1e-08,15,100,10,200,0,100.00%,2.00,0.00,2,2,16.64,26.27,195,5,0.0030,0.0071,0.0625,0.0001,0.0064,0.0102,0.0897,0.0023,1.2754,1.3744,0,,0.1,,CLASSIC_SU_OLSON,3.20x
raddiff_016_summary.txt,CPU,Finite Difference,float32,time,200,dirichlet,periodic,CLASSIC_SU_OLSON,,"(128, 128)",BICGSTAB,0.0001,1e-06,15,100,10,14,186,7.00%,14.40,2.30,15,2,96.66,15.35,100,4,0.0336,0.0058,0.0700,0.0001,0.4839,0.1207,0.5612,0.0290,96.7862,96.8885,0,,0.1,,CLASSIC_SU_OLSON,243.18x
raddiff_015_summary.txt,CPU,Finite Difference,float32,time,200,dirichlet,periodic,CLASSIC_SU_OLSON,,"(128, 128)",GMRES,0.0001,1e-06,15,100,10,200,0,100.00%,2.33,0.63,5,2,1981.78,6.33,1991,1966,0.2731,0.2368,0.5403,0.0001,0.6366,0.3074,1.9732,0.4672,127.3284,127.4211,0,,0.1,,CLASSIC_SU_OLSON,319.92x
raddiff_010_summary.txt,CPU,Automatic Differentiation,float32,time,200,dirichlet,periodic,CLASSIC_SU_OLSON,,"(64, 64)",BICGSTAB,0.0001,1e-06,15,100,10,200,0,100.00%,2.00,0.00,2,2,2.48,0.66,6,2,0.0006,0.0006,0.0019,0.0001,0.0015,0.0017,0.0249,0.0013,0.3084,0.3986,0,,0.1,,CLASSIC_SU_OLSON,1.00x
raddiff_058_summary.txt,CPU,Automatic Differentiation,float64,time,200,dirichlet,periodic,CLASSIC_SU_OLSON,,"(64, 64)",BICGSTAB,1e-06,1e-08,15,100,10,200,0,100.00%,2.00,0.00,2,2,2.48,1.12,8,1,0.0006,0.0006,0.0025,0.0001,0.0016,0.0018,0.0266,0.0012,0.3111,0.4055,0,,0.1,,CLASSIC_SU_OLSON,1.01x
raddiff_009_summary.txt,CPU,Automatic Differentiation,float32,time,200,dirichlet,periodic,CLASSIC_SU_OLSON,,"(64, 64)",GMRES,0.0001,1e-06,15,100,10,200,0,100.00%,2.00,0.00,2,2,4.70,1.08,11,4,0.0007,0.0006,0.0026,0.0001,0.0017,0.0017,0.0258,0.0014,0.3338,0.4316,0,,0.1,,CLASSIC_SU_OLSON,1.08x
raddiff_057_summary.txt,CPU,Automatic Differentiation,float64,time,200,dirichlet,periodic,CLASSIC_SU_OLSON,,"(64, 64)",GMRES,1e-06,1e-08,15,100,10,200,0,100.00%,2.00,0.00,2,2,4.89,1.87,14,3,0.0007,0.0007,0.0033,0.0001,0.0018,0.0018,0.0265,0.0013,0.3519,0.4429,0,,0.1,,CLASSIC_SU_OLSON,1.14x
raddiff_062_summary.txt,CPU,Finite Difference,float64,time,200,dirichlet,periodic,CLASSIC_SU_OLSON,,"(64, 64)",BICGSTAB,1e-06,1e-08,15,100,10,200,0,100.00%,2.00,0.00,2,2,2.69,1.00,8,2,0.0008,0.0024,0.0469,0.0001,0.0019,0.0048,0.0698,0.0013,0.3773,0.4715,0,,0.1,,CLASSIC_SU_OLSON,1.22x
raddiff_061_summary.txt,CPU,Finite Difference,float64,time,200,dirichlet,periodic,CLASSIC_SU_OLSON,,"(64, 64)",GMRES,1e-06,1e-08,15,100,10,200,0,100.00%,2.00,0.00,2,2,12.97,33.27,372,4,0.0015,0.0047,0.0618,0.0001,0.0033,0.0073,0.0728,0.0016,0.6555,0.7468,0,,0.1,,CLASSIC_SU_OLSON,2.13x
raddiff_013_summary.txt,CPU,Finite Difference,float32,time,200,dirichlet,periodic,CLASSIC_SU_OLSON,,"(64, 64)",GMRES,0.0001,1e-06,15,100,10,200,0,100.00%,2.04,0.18,3,2,1976.64,3.55,1991,1959,0.1406,0.1381,0.3212,0.0001,0.2864,0.0528,0.6210,0.2735,57.2745,57.3632,0,,0.1,,CLASSIC_SU_OLSON,185.71x
raddiff_014_summary.txt,CPU,Finite Difference,float32,time,200,dirichlet,periodic,CLASSIC_SU_OLSON,,"(64, 64)",BICGSTAB,0.0001,1e-06,15,100,10,17,183,8.50%,14.30,2.55,15,3,95.28,18.10,100,4,0.0202,0.0040,0.0504,0.0001,0.2888,0.0807,0.3237,0.0074,57.7519,57.8424,0,,0.1,,CLASSIC_SU_OLSON,187.26x
raddiff_004_summary.txt,CPU,Automatic Differentiation,float32,time,200,dirichlet,periodic,CLASSIC_SU_OLSON,,"(128, 128)",BICGSTAB,0.0001,1e-06,15,100,10,200,0,100.00%,2.00,0.00,2,2,2.25,0.61,6,2,0.0008,0.0007,0.0040,0.0001,0.0019,0.0018,0.0275,0.0016,0.3854,0.4792,0,,1.0,,CLASSIC_SU_OLSON,1.00x
raddiff_052_summary.txt,CPU,Automatic Differentiation,float64,time,200,dirichlet,periodic,CLASSIC_SU_OLSON,,"(128, 128)",BICGSTAB,1e-06,1e-08,15,100,10,200,0,100.00%,2.00,0.00,2,2,2.77,0.96,8,1,0.0009,0.0008,0.0036,0.0001,0.0021,0.0022,0.0333,0.0016,0.4211,0.5194,0,,1.0,,CLASSIC_SU_OLSON,1.09x
raddiff_056_summary.txt,CPU,Finite Difference,float64,time,200,dirichlet,periodic,CLASSIC_SU_OLSON,,"(128, 128)",BICGSTAB,1e-06,1e-08,15,100,10,200,0,100.00%,2.00,0.00,2,2,3.14,1.10,8,2,0.0012,0.0030,0.0584,0.0001,0.0027,0.0060,0.0874,0.0018,0.5448,0.6422,0,,1.0,,CLASSIC_SU_OLSON,1.41x
raddiff_051_summary.txt,CPU,Automatic Differentiation,float64,time,200,dirichlet,periodic,CLASSIC_SU_OLSON,,"(128, 128)",GMRES,1e-06,1e-08,15,100,10,200,0,100.00%,2.00,0.00,2,2,5.08,1.69,14,3,0.0012,0.0036,0.0708,0.0001,0.0028,0.0082,0.1180,0.0018,0.5658,0.6967,0,,1.0,,CLASSIC_SU_OLSON,1.47x
raddiff_003_summary.txt,CPU,Automatic Differentiation,float32,time,200,dirichlet,periodic,CLASSIC_SU_OLSON,,"(128, 128)",GMRES,0.0001,1e-06,15,100,10,200,0,100.00%,2.00,0.00,2,2,4.75,0.98,11,4,0.0012,0.0058,0.1152,0.0001,0.0030,0.0136,0.1949,0.0017,0.5948,0.8449,0,,1.0,,CLASSIC_SU_OLSON,1.54x
raddiff_055_summary.txt,CPU,Finite Difference,float64,time,200,dirichlet,periodic,CLASSIC_SU_OLSON,,"(128, 128)",GMRES,1e-06,1e-08,15,100,10,200,0,100.00%,2.00,0.00,2,2,9.38,12.12,94,4,0.0019,0.0044,0.0652,0.0001,0.0042,0.0074,0.0954,0.0021,0.8332,0.9313,0,,1.0,,CLASSIC_SU_OLSON,2.16x
raddiff_008_summary.txt,CPU,Finite Difference,float32,time,200,dirichlet,periodic,CLASSIC_SU_OLSON,,"(128, 128)",BICGSTAB,0.0001,1e-06,15,100,10,7,193,3.50%,14.69,1.72,15,2,96.16,16.38,100,3,0.0327,0.0056,0.0615,0.0001,0.4811,0.0976,0.5193,0.0403,96.2261,96.3238,0,,1.0,,CLASSIC_SU_OLSON,249.68x
raddiff_007_summary.txt,CPU,Finite Difference,float32,time,200,dirichlet,periodic,CLASSIC_SU_OLSON,,"(128, 128)",GMRES,0.0001,1e-06,15,100,10,200,0,100.00%,3.02,1.21,7,2,1983.33,7.81,1991,1967,0.3232,0.2277,0.5476,0.0001,0.9748,0.5908,2.9187,0.4731,194.9640,195.0604,0,,1.0,,CLASSIC_SU_OLSON,505.87x
raddiff_002_summary.txt,CPU,Automatic Differentiation,float32,time,200,dirichlet,periodic,CLASSIC_SU_OLSON,,"(64, 64)",BICGSTAB,0.0001,1e-06,15,100,10,200,0,100.00%,2.00,0.00,2,2,2.22,0.59,6,2,0.0006,0.0006,0.0020,0.0001,0.0015,0.0017,0.0258,0.0013,0.3066,0.3993,0,,1.0,,CLASSIC_SU_OLSON,1.00x
raddiff_050_summary.txt,CPU,Automatic Differentiation,float64,time,200,dirichlet,periodic,CLASSIC_SU_OLSON,,"(64, 64)",BICGSTAB,1e-06,1e-08,15,100,10,200,0,100.00%,2.00,0.00,2,2,2.67,1.06,8,1,0.0007,0.0006,0.0023,0.0001,0.0016,0.0017,0.0253,0.0013,0.3149,0.4068,0,,1.0,,CLASSIC_SU_OLSON,1.03x
raddiff_054_summary.txt,CPU,Finite Difference,float64,time,200,dirichlet,periodic,CLASSIC_SU_OLSON,,"(64, 64)",BICGSTAB,1e-06,1e-08,15,100,10,200,0,100.00%,2.00,0.00,2,2,3.02,1.13,8,2,0.0008,0.0024,0.0471,0.0001,0.0019,0.0049,0.0706,0.0013,0.3853,0.4757,0,,1.0,,CLASSIC_SU_OLSON,1.26x
raddiff_049_summary.txt,CPU,Automatic Differentiation,float64,time,200,dirichlet,periodic,CLASSIC_SU_OLSON,,"(64, 64)",GMRES,1e-06,1e-08,15,100,10,200,0,100.00%,2.00,0.00,2,2,4.88,1.86,14,3,0.0009,0.0029,0.0565,0.0001,0.0021,0.0066,0.0952,0.0014,0.4184,0.5456,0,,1.0,,CLASSIC_SU_OLSON,1.36x
raddiff_053_summary.txt,CPU,Finite Difference,float64,time,200,dirichlet,periodic,CLASSIC_SU_OLSON,,"(64, 64)",GMRES,1e-06,1e-08,15,100,10,200,0,100.00%,2.00,0.00,2,2,6.31,3.18,24,4,0.0010,0.0027,0.0516,0.0001,0.0022,0.0052,0.0753,0.0016,0.4497,0.5414,0,,1.0,,CLASSIC_SU_OLSON,1.47x
raddiff_001_summary.txt,CPU,Automatic Differentiation,float32,time,200,dirichlet,periodic,CLASSIC_SU_OLSON,,"(64, 64)",GMRES,0.0001,1e-06,15,100,10,200,0,100.00%,2.00,0.00,2,2,4.67,1.03,11,4,0.0010,0.0057,0.1148,0.0001,0.0025,0.0133,0.1905,0.0014,0.5002,0.8006,0,,1.0,,CLASSIC_SU_OLSON,1.63x
raddiff_006_summary.txt,CPU,Finite Difference,float32,time,200,dirichlet,periodic,CLASSIC_SU_OLSON,,"(64, 64)",BICGSTAB,0.0001,1e-06,15,100,10,23,177,11.50%,14.18,2.68,15,2,95.72,17.43,100,3,0.0202,0.0040,0.0500,0.0001,0.2861,0.0851,0.3209,0.0024,57.2161,57.2984,0,,1.0,,CLASSIC_SU_OLSON,186.61x
raddiff_005_summary.txt,CPU,Finite Difference,float32,time,200,dirichlet,periodic,CLASSIC_SU_OLSON,,"(64, 64)",GMRES,0.0001,1e-06,15,100,10,200,0,100.00%,4.13,2.01,12,2,1985.96,7.42,1991,1965,0.2109,0.1191,0.3258,0.0001,0.8725,0.5622,3.0587,0.2730,174.4999,174.5930,0,,1.0,,CLASSIC_SU_OLSON,569.15x
raddiff_044_summary.txt,CPU,Automatic Differentiation,float32,time,200,dirichlet,dirichlet,DYNAMIC,,"(128, 128)",BICGSTAB,0.0001,1e-06,15,100,10,200,0,100.00%,2.00,0.00,2,2,4.00,0.07,4,3,0.0012,0.0011,0.0028,0.0001,0.0028,0.0021,0.0326,0.0026,0.5648,0.6656,0,,0.01,,DYNAMIC,1.00x
raddiff_043_summary.txt,CPU,Automatic Differentiation,float32,time,200,dirichlet,dirichlet,DYNAMIC,,"(128, 128)",GMRES,0.0001,1e-06,15,100,10,200,0,100.00%,2.00,0.00,2,2,7.03,0.25,9,6,0.0014,0.0013,0.0031,0.0001,0.0031,0.0021,0.0323,0.0028,0.6284,0.7291,0,,0.01,,DYNAMIC,1.11x
raddiff_092_summary.txt,CPU,Automatic Differentiation,float64,time,200,dirichlet,dirichlet,DYNAMIC,,"(128, 128)",BICGSTAB,1e-06,1e-08,15,100,10,200,0,100.00%,2.00,0.00,2,2,5.04,0.32,6,3,0.0015,0.0015,0.0070,0.0001,0.0035,0.0020,0.0309,0.0030,0.6903,0.7975,0,,0.01,,DYNAMIC,1.22x
raddiff_091_summary.txt,CPU,Automatic Differentiation,float64,time,200,dirichlet,dirichlet,DYNAMIC,,"(128, 128)",GMRES,1e-06,1e-08,15,100,10,200,0,100.00%,2.00,0.00,2,2,8.75,0.46,9,7,0.0018,0.0017,0.0043,0.0001,0.0040,0.0020,0.0317,0.0034,0.7913,0.8963,0,,0.01,,DYNAMIC,1.40x
raddiff_096_summary.txt,CPU,Finite Difference,float64,time,200,dirichlet,dirichlet,DYNAMIC,,"(128, 128)",BICGSTAB,1e-06,1e-08,15,100,10,200,0,100.00%,2.00,0.00,2,2,5.61,0.93,10,5,0.0020,0.0032,0.0555,0.0001,0.0043,0.0057,0.0852,0.0035,0.8593,0.9652,0,,0.01,,DYNAMIC,1.52x
raddiff_048_summary.txt,CPU,Finite Difference,float32,time,200,dirichlet,dirichlet,DYNAMIC,,"(128, 128)",BICGSTAB,0.0001,1e-06,15,100,10,200,0,100.00%,3.23,1.37,9,2,65.82,33.91,100,6,0.0143,0.0128,0.0706,0.0001,0.0467,0.0364,0.1991,0.0061,9.3337,9.4285,0,,0.01,,DYNAMIC,16.53x
raddiff_047_summary.txt,CPU,Finite Difference,float32,time,200,dirichlet,dirichlet,DYNAMIC,,"(128, 128)",GMRES,0.0001,1e-06,15,100,10,200,0,100.00%,2.00,0.00,2,2,1982.78,1.57,1983,1965,0.2445,0.2445,0.5602,0.0001,0.4894,0.0112,0.5885,0.4817,97.8857,97.9890,0,,0.01,,DYNAMIC,173.31x
raddiff_095_summary.txt,CPU,Finite Difference,float64,time,200,dirichlet,dirichlet,DYNAMIC,,"(128, 128)",GMRES,1e-06,1e-08,15,100,10,200,0,100.00%,2.00,0.00,2,2,1889.01,326.67,1947,8,0.3142,0.3231,0.7069,0.0001,0.6289,0.1068,0.7074,0.0044,125.7794,125.8866,0,,0.01,,DYNAMIC,222.70x
raddiff_042_summary.txt,CPU,Automatic Differentiation,float32,time,200,dirichlet,dirichlet,DYNAMIC,,"(64, 64)",BICGSTAB,0.0001,1e-06,15,100,10,200,0,100.00%,2.00,0.00,2,2,5.00,0.07,5,4,0.0011,0.0010,0.0025,0.0001,0.0025,0.0021,0.0315,0.0023,0.5066,0.5997,0,,0.01,,DYNAMIC,1.00x
raddiff_090_summary.txt,CPU,Automatic Differentiation,float64,time,200,dirichlet,dirichlet,DYNAMIC,,"(64, 64)",BICGSTAB,1e-06,1e-08,15,100,10,200,0,100.00%,2.00,0.00,2,2,6.99,0.10,7,6,0.0012,0.0011,0.0026,0.0001,0.0028,0.0022,0.0341,0.0026,0.5628,0.6595,0,,0.01,,DYNAMIC,1.11x
raddiff_041_summary.txt,CPU,Automatic Differentiation,float32,time,200,dirichlet,dirichlet,DYNAMIC,,"(64, 64)",GMRES,0.0001,1e-06,15,100,10,200,0,100.00%,2.00,0.00,2,2,9.82,0.71,11,9,0.0013,0.0012,0.0033,0.0001,0.0029,0.0021,0.0319,0.0026,0.5882,0.6829,0,,0.01,,DYNAMIC,1.16x
raddiff_094_summary.txt,CPU,Finite Difference,float64,time,200,dirichlet,dirichlet,DYNAMIC,,"(64, 64)",BICGSTAB,1e-06,1e-08,15,100,10,200,0,100.00%,2.00,0.00,2,2,7.14,0.45,10,6,0.0015,0.0029,0.0533,0.0001,0.0034,0.0055,0.0808,0.0028,0.6728,0.7704,0,,0.01,,DYNAMIC,1.33x
raddiff_089_summary.txt,CPU,Automatic Differentiation,float64,time,200,dirichlet,dirichlet,DYNAMIC,,"(64, 64)",GMRES,1e-06,1e-08,15,100,10,200,0,100.00%,2.00,0.00,2,2,12.98,0.16,13,11,0.0015,0.0015,0.0033,0.0001,0.0035,0.0020,0.0317,0.0031,0.6917,0.7918,0,,0.01,,DYNAMIC,1.37x
raddiff_046_summary.txt,CPU,Finite Difference,float32,time,200,dirichlet,dirichlet,DYNAMIC,,"(64, 64)",BICGSTAB,0.0001,1e-06,15,100,10,200,0,100.00%,2.92,0.91,7,2,63.37,33.34,100,5,0.0084,0.0081,0.0736,0.0001,0.0249,0.0179,0.1030,0.0046,4.9732,5.0666,0,,0.01,,DYNAMIC,9.82x
raddiff_045_summary.txt,CPU,Finite Difference,float32,time,200,dirichlet,dirichlet,DYNAMIC,,"(64, 64)",GMRES,0.0001,1e-06,15,100,10,200,0,100.00%,2.00,0.00,2,2,1982.89,0.98,1985,1973,0.1498,0.1497,0.3576,0.0001,0.2999,0.0064,0.3857,0.2898,59.9781,60.0706,0,,0.01,,DYNAMIC,118.39x
raddiff_093_summary.txt,CPU,Finite Difference,float64,time,200,dirichlet,dirichlet,DYNAMIC,,"(64, 64)",GMRES,1e-06,1e-08,15,100,10,200,0,100.00%,2.00,0.00,2,2,1902.48,296.94,1951,12,0.1619,0.1654,0.3419,0.0001,0.3242,0.0480,0.3423,0.0038,64.8339,64.9315,0,,0.01,,DYNAMIC,127.98x
raddiff_036_summary.txt,CPU,Automatic Differentiation,float32,time,200,dirichlet,dirichlet,DYNAMIC,,"(128, 128)",BICGSTAB,0.0001,1e-06,15,100,10,200,0,100.00%,2.00,0.00,2,2,4.00,0.07,4,3,0.0012,0.0012,0.0027,0.0001,0.0029,0.0020,0.0313,0.0026,0.5716,0.6741,0,,0.1,,DYNAMIC,1.00x
raddiff_035_summary.txt,CPU,Automatic Differentiation,float32,time,200,dirichlet,dirichlet,DYNAMIC,,"(128, 128)",GMRES,0.0001,1e-06,15,100,10,200,0,100.00%,2.00,0.00,2,2,7.04,0.32,9,6,0.0014,0.0013,0.0030,0.0001,0.0031,0.0020,0.0316,0.0028,0.6258,0.7292,0,,0.1,,DYNAMIC,1.09x
raddiff_084_summary.txt,CPU,Automatic Differentiation,float64,time,200,dirichlet,dirichlet,DYNAMIC,,"(128, 128)",BICGSTAB,1e-06,1e-08,15,100,10,200,0,100.00%,2.00,0.00,2,2,5.05,0.33,6,3,0.0015,0.0014,0.0033,0.0001,0.0034,0.0021,0.0324,0.0030,0.6891,1.8967,0,,0.1,,DYNAMIC,1.21x
raddiff_083_summary.txt,CPU,Automatic Differentiation,float64,time,200,dirichlet,dirichlet,DYNAMIC,,"(128, 128)",GMRES,1e-06,1e-08,15,100,10,200,0,100.00%,2.00,0.00,2,2,8.81,0.41,9,7,0.0018,0.0017,0.0084,0.0001,0.0040,0.0020,0.0315,0.0033,0.7906,0.8987,0,,0.1,,DYNAMIC,1.38x
raddiff_088_summary.txt,CPU,Finite Difference,float64,time,200,dirichlet,dirichlet,DYNAMIC,,"(128, 128)",BICGSTAB,1e-06,1e-08,15,100,10,200,0,100.00%,2.00,0.00,2,2,5.79,0.94,10,5,0.0020,0.0033,0.0565,0.0001,0.0044,0.0057,0.0850,0.0035,0.8725,0.9802,0,,0.1,,DYNAMIC,1.53x
raddiff_040_summary.txt,CPU,Finite Difference,float32,time,200,dirichlet,dirichlet,DYNAMIC,,"(128, 128)",BICGSTAB,0.0001,1e-06,15,100,10,200,0,100.00%,3.31,1.29,8,2,65.59,34.81,100,4,0.0146,0.0131,0.0718,0.0001,0.0489,0.0360,0.1741,0.0054,9.7716,9.8748,0,,0.1,,DYNAMIC,17.10x
raddiff_039_summary.txt,CPU,Finite Difference,float32,time,200,dirichlet,dirichlet,DYNAMIC,,"(128, 128)",GMRES,0.0001,1e-06,15,100,10,200,0,100.00%,2.00,0.00,2,2,1982.80,1.56,1983,1965,0.2444,0.2444,0.5532,0.0001,0.4893,0.0105,0.5826,0.4785,97.8544,97.9603,0,,0.1,,DYNAMIC,171.19x
raddiff_087_summary.txt,CPU,Finite Difference,float64,time,200,dirichlet,dirichlet,DYNAMIC,,"(128, 128)",GMRES,1e-06,1e-08,15,100,10,200,0,100.00%,2.00,0.00,2,2,1892.64,312.39,1947,8,0.3147,0.3228,0.7036,0.0001,0.6299,0.1016,0.7040,0.0045,125.9784,126.0926,0,,0.1,,DYNAMIC,220.40x
raddiff_034_summary.txt,CPU,Automatic Differentiation,float32,time,200,dirichlet,dirichlet,DYNAMIC,,"(64, 64)",BICGSTAB,0.0001,1e-06,15,100,10,200,0,100.00%,2.00,0.00,2,2,5.00,0.00,5,5,0.0011,0.0010,0.0026,0.0001,0.0025,0.0020,0.0306,0.0023,0.5098,0.6031,0,,0.1,,DYNAMIC,1.00x
raddiff_082_summary.txt,CPU,Automatic Differentiation,float64,time,200,dirichlet,dirichlet,DYNAMIC,,"(64, 64)",BICGSTAB,1e-06,1e-08,15,100,10,200,0,100.00%,2.00,0.00,2,2,6.99,0.10,7,6,0.0012,0.0011,0.0026,0.0001,0.0028,0.0020,0.0304,0.0025,0.5603,0.6589,0,,0.1,,DYNAMIC,1.10x
raddiff_033_summary.txt,CPU,Automatic Differentiation,float32,time,200,dirichlet,dirichlet,DYNAMIC,,"(64, 64)",GMRES,0.0001,1e-06,15,100,10,200,0,100.00%,2.00,0.00,2,2,9.99,0.16,11,9,0.0013,0.0012,0.0031,0.0001,0.0030,0.0021,0.0324,0.0027,0.5942,1.5014,0,,0.1,,DYNAMIC,1.17x
raddiff_086_summary.txt,CPU,Finite Difference,float64,time,200,dirichlet,dirichlet,DYNAMIC,,"(64, 64)",BICGSTAB,1e-06,1e-08,15,100,10,200,0,100.00%,2.00,0.00,2,2,7.30,0.52,10,7,0.0015,0.0030,0.0555,0.0001,0.0034,0.0058,0.0845,0.0027,0.6874,0.7854,0,,0.1,,DYNAMIC,1.35x
raddiff_081_summary.txt,CPU,Automatic Differentiation,float64,time,200,dirichlet,dirichlet,DYNAMIC,,"(64, 64)",GMRES,1e-06,1e-08,15,100,10,200,0,100.00%,2.00,0.00,2,2,12.98,0.16,13,11,0.0016,0.0015,0.0033,0.0001,0.0035,0.0020,0.0310,0.0033,0.6997,0.7963,0,,0.1,,DYNAMIC,1.37x
raddiff_038_summary.txt,CPU,Finite Difference,float32,time,200,dirichlet,dirichlet,DYNAMIC,,"(64, 64)",BICGSTAB,0.0001,1e-06,15,100,10,200,0,100.00%,2.89,0.94,8,2,62.51,34.51,100,5,0.0082,0.0081,0.0681,0.0001,0.0242,0.0180,0.1068,0.0048,4.8433,4.9380,0,,0.1,,DYNAMIC,9.50x
raddiff_037_summary.txt,CPU,Finite Difference,float32,time,200,dirichlet,dirichlet,DYNAMIC,,"(64, 64)",GMRES,0.0001,1e-06,15,100,10,200,0,100.00%,2.00,0.00,2,2,1984.63,1.31,1986,1972,0.1496,0.1496,0.3580,0.0001,0.2996,0.0064,0.3875,0.2893,59.9224,60.0158,0,,0.1,,DYNAMIC,117.54x
raddiff_085_summary.txt,CPU,Finite Difference,float64,time,200,dirichlet,dirichlet,DYNAMIC,,"(64, 64)",GMRES,1e-06,1e-08,15,100,10,200,0,100.00%,2.00,0.00,2,2,1902.39,297.46,1950,12,0.1624,0.1660,0.3585,0.0001,0.3253,0.0483,0.3589,0.0041,65.0566,65.1563,0,,0.1,,DYNAMIC,127.61x
raddiff_028_summary.txt,CPU,Automatic Differentiation,float32,time,200,dirichlet,dirichlet,DYNAMIC,,"(128, 128)",BICGSTAB,0.0001,1e-06,15,100,10,200,0,100.00%,2.00,0.00,2,2,4.00,0.07,4,3,0.0013,0.0012,0.0028,0.0001,0.0029,0.0021,0.0325,0.0026,0.5821,0.6942,0,,1.0,,DYNAMIC,1.00x
raddiff_076_summary.txt,CPU,Automatic Differentiation,float64,time,200,dirichlet,dirichlet,DYNAMIC,,"(128, 128)",BICGSTAB,1e-06,1e-08,15,100,10,200,0,100.00%,2.00,0.00,2,2,5.11,0.37,6,3,0.0015,0.0014,0.0034,0.0001,0.0034,0.0020,0.0317,0.0030,0.6877,0.7987,0,,1.0,,DYNAMIC,1.18x
raddiff_027_summary.txt,CPU,Automatic Differentiation,float32,time,200,dirichlet,dirichlet,DYNAMIC,,"(128, 128)",GMRES,0.0001,1e-06,15,100,10,200,0,100.00%,2.00,0.00,2,2,7.99,0.28,9,6,0.0016,0.0023,0.0387,0.0001,0.0038,0.0085,0.1232,0.0029,0.7587,0.8792,0,,1.0,,DYNAMIC,1.30x
raddiff_075_summary.txt,CPU,Automatic Differentiation,float64,time,200,dirichlet,dirichlet,DYNAMIC,,"(128, 128)",GMRES,1e-06,1e-08,15,100,10,200,0,100.00%,2.00,0.00,2,2,8.93,0.30,9,7,0.0019,0.0024,0.0357,0.0001,0.0042,0.0043,0.0642,0.0035,0.8322,0.9575,0,,1.0,,DYNAMIC,1.43x
raddiff_080_summary.txt,CPU,Finite Difference,float64,time,200,dirichlet,dirichlet,DYNAMIC,,"(128, 128)",BICGSTAB,1e-06,1e-08,15,100,10,200,0,100.00%,2.00,0.00,2,2,6.28,0.93,10,5,0.0021,0.0032,0.0552,0.0001,0.0046,0.0057,0.0843,0.0037,0.9102,1.0208,0,,1.0,,DYNAMIC,1.56x
raddiff_032_summary.txt,CPU,Finite Difference,float32,time,200,dirichlet,dirichlet,DYNAMIC,,"(128, 128)",BICGSTAB,0.0001,1e-06,15,100,10,200,0,100.00%,3.68,1.78,15,2,67.65,34.17,100,7,0.0159,0.0134,0.0728,0.0001,0.0591,0.0498,0.3889,0.0062,11.8211,11.9285,0,,1.0,,DYNAMIC,20.31x
raddiff_031_summary.txt,CPU,Finite Difference,float32,time,200,dirichlet,dirichlet,DYNAMIC,,"(128, 128)",GMRES,0.0001,1e-06,15,100,10,200,0,100.00%,2.00,0.00,2,2,1982.78,1.70,1983,1963,0.2445,0.2445,0.5473,0.0001,0.4895,0.0086,0.5752,0.4815,97.8923,98.0013,0,,1.0,,DYNAMIC,168.17x
raddiff_079_summary.txt,CPU,Finite Difference,float64,time,200,dirichlet,dirichlet,DYNAMIC,,"(128, 128)",GMRES,1e-06,1e-08,15,100,10,200,0,100.00%,2.00,0.00,2,2,1895.55,304.15,1947,8,0.3143,0.3219,0.6758,0.0001,0.6290,0.0985,0.6763,0.0046,125.7980,125.9097,0,,1.0,,DYNAMIC,216.11x
raddiff_026_summary.txt,CPU,Automatic Differentiation,float32,time,200,dirichlet,dirichlet,DYNAMIC,,"(64, 64)",BICGSTAB,0.0001,1e-06,15,100,10,200,0,100.00%,2.00,0.00,2,2,5.00,0.00,5,5,0.0011,0.0011,0.0027,0.0001,0.0026,0.0023,0.0344,0.0023,0.5261,0.6174,0,,1.0,,DYNAMIC,1.00x
raddiff_074_summary.txt,CPU,Automatic Differentiation,float64,time,200,dirichlet,dirichlet,DYNAMIC,,"(64, 64)",BICGSTAB,1e-06,1e-08,15,100,10,200,0,100.00%,2.00,0.00,2,2,7.00,0.07,7,6,0.0012,0.0011,0.0028,0.0001,0.0028,0.0020,0.0305,0.0025,0.5664,0.6607,0,,1.0,,DYNAMIC,1.08x
raddiff_078_summary.txt,CPU,Finite Difference,float64,time,200,dirichlet,dirichlet,DYNAMIC,,"(64, 64)",BICGSTAB,1e-06,1e-08,15,100,10,200,0,100.00%,2.00,0.00,2,2,7.80,0.57,11,7,0.0015,0.0029,0.0535,0.0001,0.0035,0.0056,0.0829,0.0029,0.6938,0.7920,0,,1.0,,DYNAMIC,1.32x
raddiff_025_summary.txt,CPU,Automatic Differentiation,float32,time,200,dirichlet,dirichlet,DYNAMIC,,"(64, 64)",GMRES,0.0001,1e-06,15,100,10,200,0,100.00%,2.00,0.00,2,2,9.99,0.07,10,9,0.0014,0.0024,0.0426,0.0001,0.0036,0.0108,0.1556,0.0027,0.7128,0.8184,0,,1.0,,DYNAMIC,1.35x
raddiff_073_summary.txt,CPU,Automatic Differentiation,float64,time,200,dirichlet,dirichlet,DYNAMIC,,"(64, 64)",GMRES,1e-06,1e-08,15,100,10,200,0,100.00%,2.00,0.00,2,2,13.39,0.51,14,12,0.0017,0.0023,0.0358,0.0001,0.0038,0.0043,0.0643,0.0032,0.7502,0.8628,0,,1.0,,DYNAMIC,1.43x
raddiff_030_summary.txt,CPU,Finite Difference,float32,time,200,dirichlet,dirichlet,DYNAMIC,,"(64, 64)",BICGSTAB,0.0001,1e-06,15,100,10,200,0,100.00%,3.90,1.82,12,2,70.09,34.04,100,4,0.0110,0.0090,0.0704,0.0001,0.0433,0.0354,0.1807,0.0047,8.6566,8.7508,0,,1.0,,DYNAMIC,16.45x
raddiff_029_summary.txt,CPU,Finite Difference,float32,time,200,dirichlet,dirichlet,DYNAMIC,,"(64, 64)",GMRES,0.0001,1e-06,15,100,10,200,0,100.00%,2.00,0.00,2,2,1984.71,1.22,1985,1972,0.1502,0.1502,0.3724,0.0001,0.3007,0.0076,0.4026,0.2871,60.1485,60.2443,0,,1.0,,DYNAMIC,114.33x
raddiff_077_summary.txt,CPU,Finite Difference,float64,time,200,dirichlet,dirichlet,DYNAMIC,,"(64, 64)",GMRES,1e-06,1e-08,15,100,10,200,0,100.00%,2.00,0.00,2,2,1822.73,437.23,1951,13,0.1559,0.1643,0.3485,0.0001,0.3122,0.0732,0.3488,0.0040,62.4447,62.5401,0,,1.0,,DYNAMIC,118.69x
reactdiff_030_summary.txt,CPU,Automatic Differentiation,float32,time,200,dirichlet,dirichlet,gaussian,,"(128, 128)",CG,0.0001,1e-06,15,100,10,200,0,100.00%,2.10,0.30,3,2,7.41,1.29,12,6,0.0008,0.0007,0.0027,0.0001,0.0019,0.0023,0.0339,0.0015,0.3775,0.4952,0,,,0.001,GAUSSIAN,1.00x
reactdiff_029_summary.txt,CPU,Automatic Differentiation,float32,time,200,dirichlet,dirichlet,gaussian,,"(128, 128)",BICGSTAB,0.0001,1e-06,15,100,10,200,0,100.00%,2.10,0.30,3,2,3.88,0.63,6,3,0.0009,0.0008,0.0063,0.0001,0.0020,0.0023,0.0325,0.0015,0.4090,0.5303,0,,,0.001,GAUSSIAN,1.08x
reactdiff_028_summary.txt,CPU,Automatic Differentiation,float32,time,200,dirichlet,dirichlet,gaussian,,"(128, 128)",GMRES,0.0001,1e-06,15,100,10,200,0,100.00%,2.10,0.30,3,2,7.45,1.30,13,6,0.0010,0.0009,0.0032,0.0000,0.0023,0.0024,0.0348,0.0018,0.4612,0.5793,0,,,0.001,GAUSSIAN,1.22x
reactdiff_102_summary.txt,CPU,Automatic Differentiation,float64,time,200,dirichlet,dirichlet,gaussian,,"(128, 128)",CG,1e-06,1e-08,15,100,10,200,0,100.00%,2.54,0.50,3,2,6.49,2.43,15,4,0.0009,0.0007,0.0027,0.0000,0.0025,0.0023,0.0328,0.0012,0.4929,0.6178,0,,,0.001,GAUSSIAN,1.31x
reactdiff_101_summary.txt,CPU,Automatic Differentiation,float64,time,200,dirichlet,dirichlet,gaussian,,"(128, 128)",BICGSTAB,1e-06,1e-08,15,100,10,200,0,100.00%,2.54,0.50,3,2,3.33,1.16,9,2,0.0009,0.0007,0.0031,0.0000,0.0026,0.0023,0.0329,0.0013,0.5113,0.6362,0,,,0.001,GAUSSIAN,1.35x
reactdiff_100_summary.txt,CPU,Automatic Differentiation,float64,time,200,dirichlet,dirichlet,gaussian,,"(128, 128)",GMRES,1e-06,1e-08,15,100,10,200,0,100.00%,2.54,0.50,3,2,6.43,2.39,15,4,0.0011,0.0009,0.0042,0.0000,0.0030,0.0026,0.0353,0.0015,0.6095,0.7319,0,,,0.001,GAUSSIAN,1.61x
reactdiff_107_summary.txt,CPU,Finite Difference,float64,time,200,dirichlet,dirichlet,gaussian,,"(128, 128)",BICGSTAB,1e-06,1e-08,15,100,10,200,0,100.00%,2.54,0.50,3,2,33.79,42.71,100,3,0.0063,0.0107,0.0491,0.0000,0.0163,0.0143,0.0838,0.0017,3.2612,3.3756,0,,,0.001,GAUSSIAN,8.64x
reactdiff_108_summary.txt,CPU,Finite Difference,float64,time,200,dirichlet,dirichlet,gaussian,,"(128, 128)",CG,1e-06,1e-08,15,100,10,200,0,100.00%,2.54,0.50,3,2,84.43,30.93,100,10,0.0074,0.0069,0.0407,0.0001,0.0191,0.0071,0.0825,0.0137,3.8241,3.9537,0,,,0.001,GAUSSIAN,10.13x
reactdiff_036_summary.txt,CPU,Finite Difference,float32,time,200,dirichlet,dirichlet,gaussian,,"(128, 128)",CG,0.0001,1e-06,15,100,10,8,192,4.00%,14.99,0.14,15,13,100.00,0.00,100,100,0.0120,0.0012,0.0532,0.0001,0.1798,0.0065,0.2453,0.1447,35.9552,36.0769,0,,,0.001,GAUSSIAN,95.25x
reactdiff_035_summary.txt,CPU,Finite Difference,float32,time,200,dirichlet,dirichlet,gaussian,,"(128, 128)",BICGSTAB,0.0001,1e-06,15,100,10,96,104,48.00%,12.41,3.68,15,2,72.74,34.84,100,5,0.0186,0.0095,0.0610,0.0001,0.2313,0.0951,0.3913,0.0228,46.2524,46.3756,0,,,0.001,GAUSSIAN,122.52x
reactdiff_106_summary.txt,CPU,Finite Difference,float64,time,200,dirichlet,dirichlet,gaussian,,"(128, 128)",GMRES,1e-06,1e-08,15,100,10,200,0,100.00%,2.54,0.50,3,2,1956.20,19.03,1989,1938,0.2881,0.2319,0.5472,0.0001,0.7335,0.2387,1.0150,0.4633,146.6911,146.8158,0,,,0.001,GAUSSIAN,388.59x
reactdiff_034_summary.txt,CPU,Finite Difference,float32,time,200,dirichlet,dirichlet,gaussian,,"(128, 128)",GMRES,0.0001,1e-06,15,100,10,200,0,100.00%,2.87,1.64,9,2,1988.95,5.22,1995,1981,0.2582,0.1889,0.4403,0.0001,0.7414,0.6499,3.1412,0.3879,148.2756,148.4101,0,,,0.001,GAUSSIAN,392.78x
reactdiff_027_summary.txt,CPU,Automatic Differentiation,float32,time,200,dirichlet,dirichlet,gaussian,,"(64, 64)",CG,0.0001,1e-06,15,100,10,200,0,100.00%,2.10,0.31,4,2,6.93,1.33,12,6,0.0006,0.0006,0.0020,0.0000,0.0015,0.0024,0.0353,0.0012,0.3022,0.4242,0,,,0.001,GAUSSIAN,1.00x
reactdiff_026_summary.txt,CPU,Automatic Differentiation,float32,time,200,dirichlet,dirichlet,gaussian,,"(64, 64)",BICGSTAB,0.0001,1e-06,15,100,10,200,0,100.00%,2.10,0.31,4,2,3.52,0.63,6,3,0.0006,0.0006,0.0021,0.0000,0.0015,0.0023,0.0328,0.0012,0.3072,0.4257,0,,,0.001,GAUSSIAN,1.02x
reactdiff_025_summary.txt,CPU,Automatic Differentiation,float32,time,200,dirichlet,dirichlet,gaussian,,"(64, 64)",GMRES,0.0001,1e-06,15,100,10,200,0,100.00%,2.10,0.31,4,2,6.91,1.34,12,6,0.0007,0.0007,0.0029,0.0000,0.0018,0.0026,0.0371,0.0013,0.3557,0.4758,0,,,0.001,GAUSSIAN,1.18x
reactdiff_099_summary.txt,CPU,Automatic Differentiation,float64,time,200,dirichlet,dirichlet,gaussian,,"(64, 64)",CG,1e-06,1e-08,15,100,10,200,0,100.00%,2.42,0.52,4,2,6.97,2.92,15,4,0.0007,0.0006,0.0021,0.0000,0.0018,0.0024,0.0333,0.0010,0.3641,0.4870,0,,,0.001,GAUSSIAN,1.20x
reactdiff_098_summary.txt,CPU,Automatic Differentiation,float64,time,200,dirichlet,dirichlet,gaussian,,"(64, 64)",BICGSTAB,1e-06,1e-08,15,100,10,200,0,100.00%,2.42,0.52,4,2,3.67,1.53,9,2,0.0007,0.0006,0.0023,0.0000,0.0019,0.0024,0.0337,0.0010,0.3787,0.5036,0,,,0.001,GAUSSIAN,1.25x
reactdiff_097_summary.txt,CPU,Automatic Differentiation,float64,time,200,dirichlet,dirichlet,gaussian,,"(64, 64)",GMRES,1e-06,1e-08,15,100,10,200,0,100.00%,2.42,0.52,4,2,6.92,2.87,15,4,0.0008,0.0007,0.0031,0.0000,0.0022,0.0026,0.0358,0.0011,0.4388,0.5620,0,,,0.001,GAUSSIAN,1.45x
reactdiff_104_summary.txt,CPU,Finite Difference,float64,time,200,dirichlet,dirichlet,gaussian,,"(64, 64)",BICGSTAB,1e-06,1e-08,15,100,10,200,0,100.00%,2.42,0.52,4,2,27.20,39.67,100,3,0.0028,0.0052,0.0423,0.0000,0.0069,0.0089,0.0878,0.0012,1.3868,1.5125,0,,,0.001,GAUSSIAN,4.59x
reactdiff_105_summary.txt,CPU,Finite Difference,float64,time,200,dirichlet,dirichlet,gaussian,,"(64, 64)",CG,1e-06,1e-08,15,100,10,200,0,100.00%,2.42,0.52,4,2,91.51,23.81,100,12,0.0042,0.0040,0.0358,0.0000,0.0105,0.0058,0.0782,0.0076,2.0937,2.2159,0,,,0.001,GAUSSIAN,6.93x
reactdiff_032_summary.txt,CPU,Finite Difference,float32,time,200,dirichlet,dirichlet,gaussian,,"(64, 64)",BICGSTAB,0.0001,1e-06,15,100,10,190,10,95.00%,6.33,3.67,15,2,78.42,33.44,100,3,0.0108,0.0068,0.0553,0.0000,0.0685,0.0574,0.2325,0.0026,13.7023,13.8170,0,,,0.001,GAUSSIAN,45.34x
reactdiff_033_summary.txt,CPU,Finite Difference,float32,time,200,dirichlet,dirichlet,gaussian,,"(64, 64)",CG,0.0001,1e-06,15,100,10,34,166,17.00%,14.91,0.32,15,13,100.00,0.00,100,100,0.0081,0.0013,0.0513,0.0000,0.1211,0.0075,0.1960,0.0986,24.2258,24.3460,0,,,0.001,GAUSSIAN,80.16x
reactdiff_031_summary.txt,CPU,Finite Difference,float32,time,200,dirichlet,dirichlet,gaussian,,"(64, 64)",GMRES,0.0001,1e-06,15,100,10,200,0,100.00%,2.10,0.32,4,2,1984.22,2.95,1994,1981,0.1275,0.1215,0.2956,0.0000,0.2679,0.0806,0.8144,0.2396,53.5801,53.6951,0,,,0.001,GAUSSIAN,177.30x
reactdiff_103_summary.txt,CPU,Finite Difference,float64,time,200,dirichlet,dirichlet,gaussian,,"(64, 64)",GMRES,1e-06,1e-08,15,100,10,200,0,100.00%,2.42,0.52,4,2,1951.16,16.53,1990,1938,0.1572,0.1320,0.3138,0.0000,0.3807,0.1431,0.8779,0.2648,76.1493,76.2742,0,,,0.001,GAUSSIAN,251.98x
reactdiff_018_summary.txt,CPU,Automatic Differentiation,float32,time,200,dirichlet,dirichlet,gaussian,,"(128, 128)",CG,0.0001,1e-06,15,100,10,200,0,100.00%,2.00,0.00,2,2,7.12,0.58,12,7,0.0007,0.0007,0.0023,0.0000,0.0017,0.0020,0.0304,0.0014,0.3362,0.4521,0,,,0.01,GAUSSIAN,1.00x
reactdiff_017_summary.txt,CPU,Automatic Differentiation,float32,time,200,dirichlet,dirichlet,gaussian,,"(128, 128)",BICGSTAB,0.0001,1e-06,15,100,10,200,0,100.00%,2.00,0.00,2,2,3.97,0.37,7,3,0.0008,0.0007,0.0027,0.0000,0.0018,0.0021,0.0311,0.0015,0.3567,0.4768,0,,,0.01,GAUSSIAN,1.06x
reactdiff_016_summary.txt,CPU,Automatic Differentiation,float32,time,200,dirichlet,dirichlet,gaussian,,"(128, 128)",GMRES,0.0001,1e-06,15,100,10,200,0,100.00%,2.00,0.00,2,2,7.12,0.61,12,7,0.0009,0.0009,0.0031,0.0000,0.0020,0.0022,0.0325,0.0018,0.4086,0.5257,0,,,0.01,GAUSSIAN,1.22x
reactdiff_090_summary.txt,CPU,Automatic Differentiation,float64,time,200,dirichlet,dirichlet,gaussian,,"(128, 128)",CG,1e-06,1e-08,15,100,10,200,0,100.00%,2.36,0.48,3,2,6.56,2.70,16,4,0.0008,0.0007,0.0028,0.0000,0.0022,0.0023,0.0322,0.0012,0.4381,0.5659,0,,,0.01,GAUSSIAN,1.30x
reactdiff_089_summary.txt,CPU,Automatic Differentiation,float64,time,200,dirichlet,dirichlet,gaussian,,"(128, 128)",BICGSTAB,1e-06,1e-08,15,100,10,200,0,100.00%,2.36,0.48,3,2,3.43,1.29,10,2,0.0009,0.0007,0.0032,0.0000,0.0023,0.0023,0.0324,0.0013,0.4600,0.5867,0,,,0.01,GAUSSIAN,1.37x
reactdiff_088_summary.txt,CPU,Automatic Differentiation,float64,time,200,dirichlet,dirichlet,gaussian,,"(128, 128)",GMRES,1e-06,1e-08,15,100,10,200,0,100.00%,2.36,0.48,3,2,6.48,2.67,16,4,0.0010,0.0009,0.0047,0.0000,0.0027,0.0027,0.0368,0.0014,0.5343,0.6635,0,,,0.01,GAUSSIAN,1.59x
reactdiff_095_summary.txt,CPU,Finite Difference,float64,time,200,dirichlet,dirichlet,gaussian,,"(128, 128)",BICGSTAB,1e-06,1e-08,15,100,10,200,0,100.00%,2.36,0.48,3,2,27.60,39.69,100,3,0.0049,0.0094,0.0489,0.0001,0.0119,0.0146,0.1094,0.0017,2.3791,2.4983,0,,,0.01,GAUSSIAN,7.08x
reactdiff_096_summary.txt,CPU,Finite Difference,float64,time,200,dirichlet,dirichlet,gaussian,,"(128, 128)",CG,1e-06,1e-08,15,100,10,200,0,100.00%,2.36,0.48,3,2,83.39,28.41,100,18,0.0069,0.0067,0.0447,0.0001,0.0165,0.0059,0.0864,0.0106,3.2912,3.4181,0,,,0.01,GAUSSIAN,9.79x
reactdiff_024_summary.txt,CPU,Finite Difference,float32,time,200,dirichlet,dirichlet,gaussian,,"(128, 128)",CG,0.0001,1e-06,15,100,10,14,186,7.00%,14.98,0.14,15,14,100.00,0.00,100,100,0.0119,0.0013,0.0555,0.0001,0.1780,0.0070,0.2472,0.1554,35.5902,35.7125,0,,,0.01,GAUSSIAN,105.86x
reactdiff_023_summary.txt,CPU,Finite Difference,float32,time,200,dirichlet,dirichlet,gaussian,,"(128, 128)",BICGSTAB,0.0001,1e-06,15,100,10,25,175,12.50%,14.46,1.76,15,6,72.83,34.52,100,4,0.0193,0.0090,0.0795,0.0000,0.2794,0.0570,0.3672,0.0648,55.8711,56.0037,0,,,0.01,GAUSSIAN,166.18x
reactdiff_094_summary.txt,CPU,Finite Difference,float64,time,200,dirichlet,dirichlet,gaussian,,"(128, 128)",GMRES,1e-06,1e-08,15,100,10,200,0,100.00%,2.36,0.48,3,2,1955.22,20.79,1992,1938,0.2713,0.2326,0.5124,0.0001,0.6404,0.2306,1.0146,0.4620,128.0811,128.2064,0,,,0.01,GAUSSIAN,380.97x
reactdiff_022_summary.txt,CPU,Finite Difference,float32,time,200,dirichlet,dirichlet,gaussian,,"(128, 128)",GMRES,0.0001,1e-06,15,100,10,200,0,100.00%,5.21,1.11,9,3,1992.59,4.10,1995,1983,0.3124,0.1524,0.4319,0.0001,1.6263,0.4260,3.0608,0.7701,325.2634,325.3924,0,,,0.01,GAUSSIAN,967.47x
reactdiff_015_summary.txt,CPU,Automatic Differentiation,float32,time,200,dirichlet,dirichlet,gaussian,,"(64, 64)",CG,0.0001,1e-06,15,100,10,200,0,100.00%,2.04,0.21,3,2,6.82,1.32,12,6,0.0006,0.0006,0.0020,0.0000,0.0014,0.0022,0.0323,0.0011,0.2874,0.4000,0,,,0.01,GAUSSIAN,1.00x
reactdiff_014_summary.txt,CPU,Automatic Differentiation,float32,time,200,dirichlet,dirichlet,gaussian,,"(64, 64)",BICGSTAB,0.0001,1e-06,15,100,10,200,0,100.00%,2.04,0.21,3,2,3.46,0.64,6,3,0.0006,0.0006,0.0021,0.0000,0.0015,0.0023,0.0332,0.0012,0.2963,0.4179,0,,,0.01,GAUSSIAN,1.03x
reactdiff_013_summary.txt,CPU,Automatic Differentiation,float32,time,200,dirichlet,dirichlet,gaussian,,"(64, 64)",GMRES,0.0001,1e-06,15,100,10,200,0,100.00%,2.04,0.21,3,2,6.82,1.40,15,6,0.0007,0.0007,0.0026,0.0000,0.0017,0.0023,0.0331,0.0013,0.3327,0.4496,0,,,0.01,GAUSSIAN,1.16x
reactdiff_087_summary.txt,CPU,Automatic Differentiation,float64,time,200,dirichlet,dirichlet,gaussian,,"(64, 64)",CG,1e-06,1e-08,15,100,10,200,0,100.00%,2.36,0.48,3,2,6.89,2.95,16,4,0.0007,0.0005,0.0020,0.0000,0.0017,0.0022,0.0306,0.0010,0.3462,0.4664,0,,,0.01,GAUSSIAN,1.20x
reactdiff_086_summary.txt,CPU,Automatic Differentiation,float64,time,200,dirichlet,dirichlet,gaussian,,"(64, 64)",BICGSTAB,1e-06,1e-08,15,100,10,200,0,100.00%,2.36,0.48,3,2,3.71,1.55,9,2,0.0007,0.0006,0.0023,0.0000,0.0018,0.0022,0.0315,0.0010,0.3637,0.4933,0,,,0.01,GAUSSIAN,1.27x
reactdiff_085_summary.txt,CPU,Automatic Differentiation,float64,time,200,dirichlet,dirichlet,gaussian,,"(64, 64)",GMRES,1e-06,1e-08,15,100,10,200,0,100.00%,2.36,0.48,3,2,6.85,2.90,16,4,0.0008,0.0007,0.0032,0.0000,0.0021,0.0024,0.0330,0.0011,0.4234,0.5459,0,,,0.01,GAUSSIAN,1.47x
reactdiff_092_summary.txt,CPU,Finite Difference,float64,time,200,dirichlet,dirichlet,gaussian,,"(64, 64)",BICGSTAB,1e-06,1e-08,15,100,10,200,0,100.00%,2.36,0.48,3,2,27.44,39.39,100,3,0.0028,0.0051,0.0428,0.0000,0.0067,0.0086,0.0824,0.0012,1.3398,1.4632,0,,,0.01,GAUSSIAN,4.66x
reactdiff_093_summary.txt,CPU,Finite Difference,float64,time,200,dirichlet,dirichlet,gaussian,,"(64, 64)",CG,1e-06,1e-08,15,100,10,200,0,100.00%,2.36,0.48,3,2,88.88,26.25,100,15,0.0041,0.0040,0.0376,0.0000,0.0098,0.0054,0.0748,0.0072,1.9596,2.0841,0,,,0.01,GAUSSIAN,6.82x
reactdiff_020_summary.txt,CPU,Finite Difference,float32,time,200,dirichlet,dirichlet,gaussian,,"(64, 64)",BICGSTAB,0.0001,1e-06,15,100,10,170,30,85.00%,8.71,4.28,15,2,77.77,33.25,100,6,0.0118,0.0066,0.0596,0.0000,0.1030,0.0698,0.2524,0.0023,20.5945,20.7095,0,,,0.01,GAUSSIAN,71.66x
reactdiff_021_summary.txt,CPU,Finite Difference,float32,time,200,dirichlet,dirichlet,gaussian,,"(64, 64)",CG,0.0001,1e-06,15,100,10,40,160,20.00%,14.90,0.34,15,12,100.00,0.00,100,100,0.0082,0.0013,0.0487,0.0000,0.1218,0.0072,0.1875,0.0916,24.3572,24.4757,0,,,0.01,GAUSSIAN,84.75x
reactdiff_019_summary.txt,CPU,Finite Difference,float32,time,200,dirichlet,dirichlet,gaussian,,"(64, 64)",GMRES,0.0001,1e-06,15,100,10,200,0,100.00%,2.06,0.23,3,2,1984.09,2.61,1995,1981,0.1242,0.1209,0.2905,0.0000,0.2554,0.0576,0.5592,0.2373,51.0778,51.1916,0,,,0.01,GAUSSIAN,177.72x
reactdiff_091_summary.txt,CPU,Finite Difference,float64,time,200,dirichlet,dirichlet,gaussian,,"(64, 64)",GMRES,1e-06,1e-08,15,100,10,200,0,100.00%,2.36,0.48,3,2,1952.04,18.19,1989,1938,0.1536,0.1318,0.3061,0.0000,0.3628,0.1312,0.5983,0.2628,72.5644,72.6864,0,,,0.01,GAUSSIAN,252.49x
reactdiff_078_summary.txt,CPU,Automatic Differentiation,float64,time,200,dirichlet,dirichlet,gaussian,,"(128, 128)",CG,1e-06,1e-08,15,100,10,200,0,100.00%,2.00,0.00,2,2,5.91,1.98,17,4,0.0007,0.0007,0.0030,0.0000,0.0016,0.0022,0.0323,0.0012,0.3285,0.4478,0,,,0.1,GAUSSIAN,1.00x
reactdiff_006_summary.txt,CPU,Automatic Differentiation,float32,time,200,dirichlet,dirichlet,gaussian,,"(128, 128)",CG,0.0001,1e-06,15,100,10,200,0,100.00%,2.00,0.00,2,2,7.13,0.66,12,7,0.0008,0.0007,0.0024,0.0000,0.0017,0.0021,0.0318,0.0014,0.3417,0.4574,0,,,0.1,GAUSSIAN,1.04x
reactdiff_005_summary.txt,CPU,Automatic Differentiation,float32,time,200,dirichlet,dirichlet,gaussian,,"(128, 128)",BICGSTAB,0.0001,1e-06,15,100,10,200,0,100.00%,2.00,0.00,2,2,4.05,0.33,7,4,0.0008,0.0007,0.0027,0.0000,0.0018,0.0022,0.0326,0.0015,0.3597,0.4791,0,,,0.1,GAUSSIAN,1.09x
reactdiff_077_summary.txt,CPU,Automatic Differentiation,float64,time,200,dirichlet,dirichlet,gaussian,,"(128, 128)",BICGSTAB,1e-06,1e-08,15,100,10,200,0,100.00%,2.00,0.00,2,2,3.30,1.02,10,3,0.0008,0.0008,0.0048,0.0000,0.0019,0.0023,0.0337,0.0014,0.3754,0.4953,0,,,0.1,GAUSSIAN,1.14x
reactdiff_076_summary.txt,CPU,Automatic Differentiation,float64,time,200,dirichlet,dirichlet,gaussian,,"(128, 128)",GMRES,1e-06,1e-08,15,100,10,200,0,100.00%,2.00,0.00,2,2,5.83,1.95,17,4,0.0010,0.0037,0.0739,0.0000,0.0023,0.0071,0.1019,0.0014,0.4585,0.6028,0,,,0.1,GAUSSIAN,1.40x
reactdiff_004_summary.txt,CPU,Automatic Differentiation,float32,time,200,dirichlet,dirichlet,gaussian,,"(128, 128)",GMRES,0.0001,1e-06,15,100,10,200,0,100.00%,2.00,0.00,2,2,7.14,0.70,13,7,0.0011,0.0037,0.0736,0.0000,0.0024,0.0071,0.1024,0.0018,0.4764,0.6491,0,,,0.1,GAUSSIAN,1.45x
reactdiff_083_summary.txt,CPU,Finite Difference,float64,time,200,dirichlet,dirichlet,gaussian,,"(128, 128)",BICGSTAB,1e-06,1e-08,15,100,10,200,0,100.00%,2.00,0.00,2,2,4.59,1.58,12,3,0.0012,0.0027,0.0499,0.0000,0.0026,0.0053,0.0777,0.0017,0.5133,0.6368,0,,,0.1,GAUSSIAN,1.56x
reactdiff_084_summary.txt,CPU,Finite Difference,float64,time,200,dirichlet,dirichlet,gaussian,,"(128, 128)",CG,1e-06,1e-08,15,100,10,200,0,100.00%,2.00,0.00,2,2,85.75,23.63,100,31,0.0062,0.0067,0.0433,0.0000,0.0126,0.0052,0.0706,0.0050,2.5195,2.6403,0,,,0.1,GAUSSIAN,7.67x
reactdiff_012_summary.txt,CPU,Finite Difference,float32,time,200,dirichlet,dirichlet,gaussian,,"(128, 128)",CG,0.0001,1e-06,15,100,10,16,184,8.00%,14.97,0.17,15,14,100.00,0.00,100,100,0.0117,0.0013,0.0547,0.0001,0.1749,0.0072,0.2511,0.1510,34.9741,35.0942,0,,,0.1,GAUSSIAN,106.47x
reactdiff_011_summary.txt,CPU,Finite Difference,float32,time,200,dirichlet,dirichlet,gaussian,,"(128, 128)",BICGSTAB,0.0001,1e-06,15,100,10,11,189,5.50%,14.86,0.81,15,9,73.13,34.25,100,7,0.0196,0.0088,0.0632,0.0001,0.2912,0.0411,0.3854,0.1061,58.2476,58.3682,0,,,0.1,GAUSSIAN,177.31x
reactdiff_082_summary.txt,CPU,Finite Difference,float64,time,200,dirichlet,dirichlet,gaussian,,"(128, 128)",GMRES,1e-06,1e-08,15,100,10,200,0,100.00%,2.00,0.00,2,2,1942.42,3.22,1954,1938,0.2351,0.2351,0.5184,0.0001,0.4704,0.0095,0.5462,0.4630,94.0881,94.2102,0,,,0.1,GAUSSIAN,286.42x
reactdiff_010_summary.txt,CPU,Finite Difference,float32,time,200,dirichlet,dirichlet,gaussian,,"(128, 128)",GMRES,0.0001,1e-06,15,100,10,200,0,100.00%,5.45,1.11,10,4,1992.92,3.74,1995,1984,0.3165,0.1500,0.4341,0.0001,1.7249,0.4329,3.4709,1.1514,344.9831,345.1024,0,,,0.1,GAUSSIAN,1050.18x
reactdiff_003_summary.txt,CPU,Automatic Differentiation,float32,time,200,dirichlet,dirichlet,gaussian,,"(64, 64)",CG,0.0001,1e-06,15,100,10,200,0,100.00%,2.00,0.00,2,2,6.66,0.77,11,6,0.0006,0.0006,0.0020,0.0000,0.0014,0.0023,0.0333,0.0011,0.2731,0.3890,0,,,0.1,GAUSSIAN,1.00x
reactdiff_002_summary.txt,CPU,Automatic Differentiation,float32,time,200,dirichlet,dirichlet,gaussian,,"(64, 64)",BICGSTAB,0.0001,1e-06,15,100,10,200,0,100.00%,2.00,0.00,2,2,3.36,0.56,6,3,0.0006,0.0006,0.0022,0.0000,0.0014,0.0023,0.0336,0.0012,0.2842,0.3969,0,,,0.1,GAUSSIAN,1.04x
reactdiff_075_summary.txt,CPU,Automatic Differentiation,float64,time,200,dirichlet,dirichlet,gaussian,,"(64, 64)",CG,1e-06,1e-08,15,100,10,200,0,100.00%,2.17,0.38,3,2,6.77,3.01,16,4,0.0006,0.0006,0.0022,0.0000,0.0015,0.0022,0.0318,0.0010,0.3074,0.4298,0,,,0.1,GAUSSIAN,1.13x
reactdiff_074_summary.txt,CPU,Automatic Differentiation,float64,time,200,dirichlet,dirichlet,gaussian,,"(64, 64)",BICGSTAB,1e-06,1e-08,15,100,10,200,0,100.00%,2.17,0.38,3,2,3.68,1.62,10,2,0.0006,0.0006,0.0024,0.0000,0.0016,0.0022,0.0315,0.0010,0.3214,0.4430,0,,,0.1,GAUSSIAN,1.18x
reactdiff_001_summary.txt,CPU,Automatic Differentiation,float32,time,200,dirichlet,dirichlet,gaussian,,"(64, 64)",GMRES,0.0001,1e-06,15,100,10,200,0,100.00%,2.00,0.00,2,2,6.63,0.77,11,6,0.0009,0.0037,0.0731,0.0000,0.0019,0.0070,0.1007,0.0013,0.3870,0.7275,0,,,0.1,GAUSSIAN,1.42x
reactdiff_073_summary.txt,CPU,Automatic Differentiation,float64,time,200,dirichlet,dirichlet,gaussian,,"(64, 64)",GMRES,1e-06,1e-08,15,100,10,200,0,100.00%,2.17,0.38,3,2,6.72,2.95,16,4,0.0009,0.0034,0.0691,0.0000,0.0022,0.0070,0.0995,0.0011,0.4365,0.5985,0,,,0.1,GAUSSIAN,1.60x
reactdiff_080_summary.txt,CPU,Finite Difference,float64,time,200,dirichlet,dirichlet,gaussian,,"(64, 64)",BICGSTAB,1e-06,1e-08,15,100,10,200,0,100.00%,2.17,0.38,3,2,17.18,31.49,100,3,0.0018,0.0042,0.0429,0.0000,0.0042,0.0077,0.0812,0.0012,0.8433,2.2742,0,,,0.1,GAUSSIAN,3.09x
reactdiff_081_summary.txt,CPU,Finite Difference,float64,time,200,dirichlet,dirichlet,gaussian,,"(64, 64)",CG,1e-06,1e-08,15,100,10,200,0,100.00%,2.17,0.38,3,2,87.02,26.64,100,18,0.0038,0.0040,0.0373,0.0000,0.0084,0.0048,0.0742,0.0042,1.6820,1.8047,0,,,0.1,GAUSSIAN,6.16x
reactdiff_008_summary.txt,CPU,Finite Difference,float32,time,200,dirichlet,dirichlet,gaussian,,"(64, 64)",BICGSTAB,0.0001,1e-06,15,100,10,159,41,79.50%,9.27,4.34,15,2,76.69,34.18,100,5,0.0122,0.0068,0.0609,0.0000,0.1136,0.0737,0.2673,0.0028,22.7160,22.8322,0,,,0.1,GAUSSIAN,83.18x
reactdiff_009_summary.txt,CPU,Finite Difference,float32,time,200,dirichlet,dirichlet,gaussian,,"(64, 64)",CG,0.0001,1e-06,15,100,10,32,168,16.00%,14.93,0.32,15,13,100.00,0.00,100,100,0.0079,0.0013,0.0507,0.0000,0.1184,0.0063,0.1753,0.0971,23.6814,23.8002,0,,,0.1,GAUSSIAN,86.71x
reactdiff_007_summary.txt,CPU,Finite Difference,float32,time,200,dirichlet,dirichlet,gaussian,,"(64, 64)",GMRES,0.0001,1e-06,15,100,10,200,0,100.00%,2.00,0.00,2,2,1983.82,0.80,1985,1982,0.1258,0.1258,0.2996,0.0000,0.2519,0.0071,0.3290,0.2393,50.3700,50.4870,0,,,0.1,GAUSSIAN,184.44x
reactdiff_079_summary.txt,CPU,Finite Difference,float64,time,200,dirichlet,dirichlet,gaussian,,"(64, 64)",GMRES,1e-06,1e-08,15,100,10,200,0,100.00%,2.17,0.38,3,2,1948.53,17.20,1991,1938,0.1440,0.1329,0.3097,0.0000,0.3135,0.1047,0.6096,0.2637,62.6931,62.8149,0,,,0.1,GAUSSIAN,229.56x
reactdiff_066_summary.txt,CPU,Automatic Differentiation,float32,time,200,dirichlet,dirichlet,sinusoidal,,"(128, 128)",CG,0.0001,1e-06,15,100,10,200,0,100.00%,2.13,0.34,3,2,7.67,1.55,12,6,0.0008,0.0007,0.0024,0.0000,0.0019,0.0023,0.0332,0.0014,0.3887,0.5164,0,,,0.001,SINUSOIDAL,1.00x
reactdiff_065_summary.txt,CPU,Automatic Differentiation,float32,time,200,dirichlet,dirichlet,sinusoidal,,"(128, 128)",BICGSTAB,0.0001,1e-06,15,100,10,200,0,100.00%,2.13,0.34,3,2,3.68,0.86,7,3,0.0008,0.0007,0.0027,0.0000,0.0020,0.0024,0.0339,0.0015,0.3988,0.5222,0,,,0.001,SINUSOIDAL,1.03x
reactdiff_064_summary.txt,CPU,Automatic Differentiation,float32,time,200,dirichlet,dirichlet,sinusoidal,,"(128, 128)",GMRES,0.0001,1e-06,15,100,10,200,0,100.00%,2.13,0.34,3,2,7.71,1.60,13,6,0.0010,0.0009,0.0033,0.0000,0.0024,0.0025,0.0354,0.0016,0.4712,0.5963,0,,,0.001,SINUSOIDAL,1.21x
reactdiff_138_summary.txt,CPU,Automatic Differentiation,float64,time,200,dirichlet,dirichlet,sinusoidal,,"(128, 128)",CG,1e-06,1e-08,15,100,10,200,0,100.00%,2.68,0.47,3,2,7.36,3.06,17,4,0.0010,0.0007,0.0028,0.0000,0.0028,0.0024,0.0338,0.0013,0.5609,0.6901,0,,,0.001,SINUSOIDAL,1.44x
reactdiff_137_summary.txt,CPU,Automatic Differentiation,float64,time,200,dirichlet,dirichlet,sinusoidal,,"(128, 128)",BICGSTAB,1e-06,1e-08,15,100,10,200,0,100.00%,2.68,0.47,3,2,3.87,1.72,10,2,0.0010,0.0008,0.0036,0.0000,0.0030,0.0025,0.0351,0.0013,0.5918,0.7206,0,,,0.001,SINUSOIDAL,1.52x
reactdiff_136_summary.txt,CPU,Automatic Differentiation,float64,time,200,dirichlet,dirichlet,sinusoidal,,"(128, 128)",GMRES,1e-06,1e-08,15,100,10,200,0,100.00%,2.68,0.47,3,2,7.28,3.03,17,4,0.0012,0.0010,0.0047,0.0001,0.0035,0.0026,0.0353,0.0015,0.7049,0.8348,0,,,0.001,SINUSOIDAL,1.81x
reactdiff_144_summary.txt,CPU,Finite Difference,float64,time,200,dirichlet,dirichlet,sinusoidal,,"(128, 128)",CG,1e-06,1e-08,15,100,10,200,0,100.00%,2.68,0.47,3,2,71.56,37.14,100,9,0.0065,0.0065,0.0419,0.0001,0.0178,0.0057,0.0847,0.0140,3.5507,3.6849,0,,,0.001,SINUSOIDAL,9.13x
reactdiff_143_summary.txt,CPU,Finite Difference,float64,time,200,dirichlet,dirichlet,sinusoidal,,"(128, 128)",BICGSTAB,1e-06,1e-08,15,100,10,200,0,100.00%,2.68,0.47,3,2,38.25,43.96,100,3,0.0072,0.0112,0.0479,0.0001,0.0196,0.0136,0.0811,0.0019,3.9236,4.0573,0,,,0.001,SINUSOIDAL,10.09x
reactdiff_072_summary.txt,CPU,Finite Difference,float32,time,200,dirichlet,dirichlet,sinusoidal,,"(128, 128)",CG,0.0001,1e-06,15,100,10,33,167,16.50%,14.88,0.49,15,11,100.00,0.00,100,100,0.0117,0.0016,0.0551,0.0001,0.1737,0.0108,0.2500,0.1180,34.7302,34.8585,0,,,0.001,SINUSOIDAL,89.35x
reactdiff_071_summary.txt,CPU,Finite Difference,float32,time,200,dirichlet,dirichlet,sinusoidal,,"(128, 128)",BICGSTAB,0.0001,1e-06,15,100,10,22,178,11.00%,14.52,1.71,15,4,81.10,32.23,100,6,0.0210,0.0085,0.0677,0.0001,0.3051,0.0554,0.3899,0.0303,61.0206,61.1502,0,,,0.001,SINUSOIDAL,156.99x
reactdiff_142_summary.txt,CPU,Finite Difference,float64,time,200,dirichlet,dirichlet,sinusoidal,,"(128, 128)",GMRES,1e-06,1e-08,15,100,10,200,0,100.00%,2.68,0.47,3,2,1959.19,20.24,1991,1940,0.2991,0.2309,0.5370,0.0001,0.8018,0.2268,1.0179,0.4668,160.3587,160.4890,0,,,0.001,SINUSOIDAL,412.55x
reactdiff_070_summary.txt,CPU,Finite Difference,float32,time,200,dirichlet,dirichlet,sinusoidal,,"(128, 128)",GMRES,0.0001,1e-06,15,100,10,195,5,97.50%,4.72,3.54,15,2,1991.63,4.71,1995,1981,0.3055,0.1559,0.4282,0.0001,1.4422,1.3987,5.8730,0.3765,288.4368,288.5639,0,,,0.001,SINUSOIDAL,742.06x
reactdiff_063_summary.txt,CPU,Automatic Differentiation,float32,time,200,dirichlet,dirichlet,sinusoidal,,"(64, 64)",CG,0.0001,1e-06,15,100,10,200,0,100.00%,2.12,0.34,4,2,7.29,1.69,12,6,0.0006,0.0006,0.0020,0.0000,0.0015,0.0024,0.0346,0.0011,0.3089,0.4325,0,,,0.001,SINUSOIDAL,1.00x
reactdiff_062_summary.txt,CPU,Automatic Differentiation,float32,time,200,dirichlet,dirichlet,sinusoidal,,"(64, 64)",BICGSTAB,0.0001,1e-06,15,100,10,200,0,100.00%,2.12,0.34,4,2,3.58,0.90,7,3,0.0007,0.0006,0.0023,0.0000,0.0016,0.0024,0.0348,0.0012,0.3170,0.4410,0,,,0.001,SINUSOIDAL,1.03x
reactdiff_061_summary.txt,CPU,Automatic Differentiation,float32,time,200,dirichlet,dirichlet,sinusoidal,,"(64, 64)",GMRES,0.0001,1e-06,15,100,10,200,0,100.00%,2.12,0.34,4,2,7.29,1.70,13,6,0.0008,0.0007,0.0027,0.0000,0.0018,0.0026,0.0373,0.0013,0.3689,0.4896,0,,,0.001,SINUSOIDAL,1.19x
reactdiff_135_summary.txt,CPU,Automatic Differentiation,float64,time,200,dirichlet,dirichlet,sinusoidal,,"(64, 64)",CG,1e-06,1e-08,15,100,10,200,0,100.00%,2.52,0.54,4,2,7.91,3.49,17,4,0.0007,0.0006,0.0023,0.0000,0.0021,0.0024,0.0342,0.0010,0.4101,0.5389,0,,,0.001,SINUSOIDAL,1.33x
reactdiff_134_summary.txt,CPU,Automatic Differentiation,float64,time,200,dirichlet,dirichlet,sinusoidal,,"(64, 64)",BICGSTAB,1e-06,1e-08,15,100,10,200,0,100.00%,2.52,0.54,4,2,4.12,1.86,10,2,0.0008,0.0006,0.0024,0.0000,0.0021,0.0024,0.0337,0.0010,0.4224,0.5490,0,,,0.001,SINUSOIDAL,1.37x
reactdiff_133_summary.txt,CPU,Automatic Differentiation,float64,time,200,dirichlet,dirichlet,sinusoidal,,"(64, 64)",GMRES,1e-06,1e-08,15,100,10,200,0,100.00%,2.52,0.54,4,2,7.83,3.45,17,4,0.0009,0.0008,0.0040,0.0000,0.0026,0.0032,0.0434,0.0011,0.5211,0.6548,0,,,0.001,SINUSOIDAL,1.69x
reactdiff_140_summary.txt,CPU,Finite Difference,float64,time,200,dirichlet,dirichlet,sinusoidal,,"(64, 64)",BICGSTAB,1e-06,1e-08,15,100,10,200,0,100.00%,2.52,0.54,4,2,30.78,40.53,100,3,0.0032,0.0054,0.0443,0.0000,0.0082,0.0091,0.0903,0.0012,1.6462,1.7742,0,,,0.001,SINUSOIDAL,5.33x
reactdiff_141_summary.txt,CPU,Finite Difference,float64,time,200,dirichlet,dirichlet,sinusoidal,,"(64, 64)",CG,1e-06,1e-08,15,100,10,200,0,100.00%,2.52,0.54,4,2,87.40,28.69,100,12,0.0042,0.0039,0.0357,0.0000,0.0109,0.0056,0.0744,0.0076,2.1722,2.3006,0,,,0.001,SINUSOIDAL,7.03x
reactdiff_068_summary.txt,CPU,Finite Difference,float32,time,200,dirichlet,dirichlet,sinusoidal,,"(64, 64)",BICGSTAB,0.0001,1e-06,15,100,10,171,29,85.50%,8.18,4.37,15,2,80.74,32.33,100,4,0.0119,0.0065,0.0519,0.0000,0.0977,0.0723,0.2539,0.0028,19.5473,19.6704,0,,,0.001,SINUSOIDAL,63.28x
reactdiff_069_summary.txt,CPU,Finite Difference,float32,time,200,dirichlet,dirichlet,sinusoidal,,"(64, 64)",CG,0.0001,1e-06,15,100,10,52,148,26.00%,14.79,0.59,15,12,100.00,0.00,100,100,0.0081,0.0014,0.0516,0.0000,0.1193,0.0093,0.1952,0.0898,23.8636,23.9905,0,,,0.001,SINUSOIDAL,77.25x
reactdiff_067_summary.txt,CPU,Finite Difference,float32,time,200,dirichlet,dirichlet,sinusoidal,,"(64, 64)",GMRES,0.0001,1e-06,15,100,10,200,0,100.00%,2.18,0.58,6,2,1984.78,3.87,1995,1981,0.1332,0.1227,0.2959,0.0000,0.2906,0.1464,1.3093,0.2390,58.1293,58.2532,0,,,0.001,SINUSOIDAL,188.18x
reactdiff_139_summary.txt,CPU,Finite Difference,float64,time,200,dirichlet,dirichlet,sinusoidal,,"(64, 64)",GMRES,1e-06,1e-08,15,100,10,200,0,100.00%,2.52,0.54,4,2,1954.74,17.70,1992,1938,0.1623,0.1316,0.3138,0.0000,0.4092,0.1477,0.8811,0.2649,81.8359,81.9643,0,,,0.001,SINUSOIDAL,264.93x
reactdiff_054_summary.txt,CPU,Automatic Differentiation,float32,time,200,dirichlet,dirichlet,sinusoidal,,"(128, 128)",CG,0.0001,1e-06,15,100,10,200,0,100.00%,2.00,0.00,2,2,7.23,0.88,13,7,0.0008,0.0007,0.0024,0.0000,0.0017,0.0021,0.0312,0.0015,0.3450,0.4674,0,,,0.01,SINUSOIDAL,1.00x
reactdiff_053_summary.txt,CPU,Automatic Differentiation,float32,time,200,dirichlet,dirichlet,sinusoidal,,"(128, 128)",BICGSTAB,0.0001,1e-06,15,100,10,200,0,100.00%,2.00,0.00,2,2,4.01,0.52,8,3,0.0008,0.0007,0.0028,0.0000,0.0018,0.0021,0.0321,0.0015,0.3576,0.4829,0,,,0.01,SINUSOIDAL,1.04x
reactdiff_052_summary.txt,CPU,Automatic Differentiation,float32,time,200,dirichlet,dirichlet,sinusoidal,,"(128, 128)",GMRES,0.0001,1e-06,15,100,10,200,0,100.00%,2.00,0.00,2,2,7.22,0.86,13,7,0.0009,0.0009,0.0033,0.0000,0.0020,0.0022,0.0335,0.0017,0.4025,0.5285,0,,,0.01,SINUSOIDAL,1.17x
reactdiff_126_summary.txt,CPU,Automatic Differentiation,float64,time,200,dirichlet,dirichlet,sinusoidal,,"(128, 128)",CG,1e-06,1e-08,15,100,10,200,0,100.00%,2.54,0.50,3,2,7.54,3.26,18,4,0.0009,0.0008,0.0031,0.0000,0.0026,0.0025,0.0346,0.0013,0.5195,0.6463,0,,,0.01,SINUSOIDAL,1.51x
reactdiff_125_summary.txt,CPU,Automatic Differentiation,float64,time,200,dirichlet,dirichlet,sinusoidal,,"(128, 128)",BICGSTAB,1e-06,1e-08,15,100,10,200,0,100.00%,2.54,0.50,3,2,3.83,1.78,11,2,0.0010,0.0008,0.0035,0.0000,0.0027,0.0025,0.0349,0.0013,0.5361,0.6686,0,,,0.01,SINUSOIDAL,1.55x
reactdiff_124_summary.txt,CPU,Automatic Differentiation,float64,time,200,dirichlet,dirichlet,sinusoidal,,"(128, 128)",GMRES,1e-06,1e-08,15,100,10,200,0,100.00%,2.54,0.50,3,2,7.40,3.24,18,4,0.0012,0.0011,0.0052,0.0000,0.0033,0.0028,0.0371,0.0015,0.6573,0.7863,0,,,0.01,SINUSOIDAL,1.91x
reactdiff_132_summary.txt,CPU,Finite Difference,float64,time,200,dirichlet,dirichlet,sinusoidal,,"(128, 128)",CG,1e-06,1e-08,15,100,10,200,0,100.00%,2.54,0.50,3,2,60.31,37.97,100,10,0.0055,0.0061,0.0453,0.0000,0.0142,0.0069,0.0873,0.0044,2.8307,2.9631,0,,,0.01,SINUSOIDAL,8.20x
reactdiff_131_summary.txt,CPU,Finite Difference,float64,time,200,dirichlet,dirichlet,sinusoidal,,"(128, 128)",BICGSTAB,1e-06,1e-08,15,100,10,200,0,100.00%,2.54,0.50,3,2,35.66,43.85,100,3,0.0065,0.0108,0.0492,0.0001,0.0167,0.0151,0.1082,0.0017,3.3435,3.4825,0,,,0.01,SINUSOIDAL,9.69x
reactdiff_060_summary.txt,CPU,Finite Difference,float32,time,200,dirichlet,dirichlet,sinusoidal,,"(128, 128)",CG,0.0001,1e-06,15,100,10,20,180,10.00%,14.98,0.17,15,13,100.00,0.00,100,100,0.0117,0.0014,0.0591,0.0001,0.1761,0.0073,0.2566,0.1423,35.2204,35.3502,0,,,0.01,SINUSOIDAL,102.09x
reactdiff_059_summary.txt,CPU,Finite Difference,float32,time,200,dirichlet,dirichlet,sinusoidal,,"(128, 128)",BICGSTAB,0.0001,1e-06,15,100,10,0,200,0.00%,15.00,0.00,15,15,83.72,30.29,100,6,0.0222,0.0079,0.0697,0.0021,0.3330,0.0279,0.3908,0.2226,66.6066,66.7385,0,,,0.01,SINUSOIDAL,193.06x
reactdiff_130_summary.txt,CPU,Finite Difference,float64,time,200,dirichlet,dirichlet,sinusoidal,,"(128, 128)",GMRES,1e-06,1e-08,15,100,10,200,0,100.00%,2.54,0.50,3,2,1959.94,22.09,1992,1940,0.2880,0.2325,0.5167,0.0001,0.7304,0.2419,1.0289,0.4648,146.0765,146.2075,0,,,0.01,SINUSOIDAL,423.41x
reactdiff_058_summary.txt,CPU,Finite Difference,float32,time,200,dirichlet,dirichlet,sinusoidal,,"(128, 128)",GMRES,0.0001,1e-06,15,100,10,188,12,94.00%,9.39,2.84,15,4,1993.47,3.17,1995,1983,0.3482,0.1161,0.4288,0.0001,3.2713,1.1488,5.8540,1.1657,654.2594,654.3847,0,,,0.01,SINUSOIDAL,1896.40x
reactdiff_051_summary.txt,CPU,Automatic Differentiation,float32,time,200,dirichlet,dirichlet,sinusoidal,,"(64, 64)",CG,0.0001,1e-06,15,100,10,200,0,100.00%,2.08,0.27,3,2,7.24,1.75,13,6,0.0006,0.0006,0.0020,0.0000,0.0015,0.0023,0.0331,0.0011,0.3000,0.4172,0,,,0.01,SINUSOIDAL,1.00x
reactdiff_050_summary.txt,CPU,Automatic Differentiation,float32,time,200,dirichlet,dirichlet,sinusoidal,,"(64, 64)",BICGSTAB,0.0001,1e-06,15,100,10,200,0,100.00%,2.08,0.27,3,2,3.56,0.91,8,3,0.0006,0.0006,0.0024,0.0000,0.0015,0.0023,0.0328,0.0012,0.3086,0.4286,0,,,0.01,SINUSOIDAL,1.03x
reactdiff_049_summary.txt,CPU,Automatic Differentiation,float32,time,200,dirichlet,dirichlet,sinusoidal,,"(64, 64)",GMRES,0.0001,1e-06,15,100,10,200,0,100.00%,2.08,0.27,3,2,7.25,1.87,14,6,0.0008,0.0007,0.0029,0.0000,0.0018,0.0024,0.0346,0.0013,0.3549,0.4799,0,,,0.01,SINUSOIDAL,1.18x
reactdiff_123_summary.txt,CPU,Automatic Differentiation,float64,time,200,dirichlet,dirichlet,sinusoidal,,"(64, 64)",CG,1e-06,1e-08,15,100,10,200,0,100.00%,2.44,0.50,3,2,7.63,3.51,18,4,0.0007,0.0006,0.0021,0.0000,0.0019,0.0023,0.0321,0.0010,0.3792,0.5099,0,,,0.01,SINUSOIDAL,1.26x
reactdiff_122_summary.txt,CPU,Automatic Differentiation,float64,time,200,dirichlet,dirichlet,sinusoidal,,"(64, 64)",BICGSTAB,1e-06,1e-08,15,100,10,200,0,100.00%,2.44,0.50,3,2,3.99,1.89,11,2,0.0007,0.0006,0.0024,0.0000,0.0020,0.0023,0.0327,0.0010,0.3939,0.5212,0,,,0.01,SINUSOIDAL,1.31x
reactdiff_121_summary.txt,CPU,Automatic Differentiation,float64,time,200,dirichlet,dirichlet,sinusoidal,,"(64, 64)",GMRES,1e-06,1e-08,15,100,10,200,0,100.00%,2.44,0.50,3,2,7.55,3.48,18,4,0.0009,0.0008,0.0036,0.0000,0.0024,0.0027,0.0368,0.0011,0.4708,0.6047,0,,,0.01,SINUSOIDAL,1.57x
reactdiff_128_summary.txt,CPU,Finite Difference,float64,time,200,dirichlet,dirichlet,sinusoidal,,"(64, 64)",BICGSTAB,1e-06,1e-08,15,100,10,200,0,100.00%,2.44,0.50,3,2,30.61,40.79,100,3,0.0031,0.0054,0.0456,0.0000,0.0077,0.0085,0.0761,0.0012,1.5483,1.6785,0,,,0.01,SINUSOIDAL,5.16x
reactdiff_129_summary.txt,CPU,Finite Difference,float64,time,200,dirichlet,dirichlet,sinusoidal,,"(64, 64)",CG,1e-06,1e-08,15,100,10,200,0,100.00%,2.44,0.50,3,2,81.67,32.86,100,12,0.0039,0.0039,0.0381,0.0000,0.0097,0.0051,0.0747,0.0076,1.9380,2.0696,0,,,0.01,SINUSOIDAL,6.46x
reactdiff_057_summary.txt,CPU,Finite Difference,float32,time,200,dirichlet,dirichlet,sinusoidal,,"(64, 64)",CG,0.0001,1e-06,15,100,10,38,162,19.00%,14.86,0.47,15,13,100.00,0.00,100,100,0.0082,0.0014,0.0520,0.0000,0.1216,0.0085,0.1888,0.0951,24.3191,24.4397,0,,,0.01,SINUSOIDAL,81.06x
reactdiff_056_summary.txt,CPU,Finite Difference,float32,time,200,dirichlet,dirichlet,sinusoidal,,"(64, 64)",BICGSTAB,0.0001,1e-06,15,100,10,100,100,50.00%,11.75,4.20,15,2,83.15,31.19,100,5,0.0137,0.0060,0.0576,0.0000,0.1614,0.0762,0.2661,0.0023,32.2704,32.3940,0,,,0.01,SINUSOIDAL,107.57x
reactdiff_055_summary.txt,CPU,Finite Difference,float32,time,200,dirichlet,dirichlet,sinusoidal,,"(64, 64)",GMRES,0.0001,1e-06,15,100,10,200,0,100.00%,2.40,1.10,8,2,1986.62,5.12,1995,1980,0.1421,0.1203,0.3031,0.0000,0.3405,0.2707,1.8027,0.2373,68.0916,68.2120,0,,,0.01,SINUSOIDAL,226.97x
reactdiff_127_summary.txt,CPU,Finite Difference,float64,time,200,dirichlet,dirichlet,sinusoidal,,"(64, 64)",GMRES,1e-06,1e-08,15,100,10,200,0,100.00%,2.44,0.50,3,2,1954.75,18.88,1992,1938,0.1571,0.1310,0.3081,0.0000,0.3837,0.1332,0.6014,0.2638,76.7337,76.8592,0,,,0.01,SINUSOIDAL,255.78x
reactdiff_042_summary.txt,CPU,Automatic Differentiation,float32,time,200,dirichlet,dirichlet,sinusoidal,,"(128, 128)",CG,0.0001,1e-06,15,100,10,200,0,100.00%,2.00,0.00,2,2,7.25,0.89,13,7,0.0008,0.0008,0.0058,0.0000,0.0018,0.0022,0.0318,0.0015,0.3543,0.4767,0,,,0.1,SINUSOIDAL,1.00x
reactdiff_114_summary.txt,CPU,Automatic Differentiation,float64,time,200,dirichlet,dirichlet,sinusoidal,,"(128, 128)",CG,1e-06,1e-08,15,100,10,200,0,100.00%,2.03,0.17,3,2,7.10,2.83,18,4,0.0008,0.0007,0.0030,0.0000,0.0018,0.0023,0.0340,0.0013,0.3591,0.4859,0,,,0.1,SINUSOIDAL,1.01x
reactdiff_113_summary.txt,CPU,Automatic Differentiation,float64,time,200,dirichlet,dirichlet,sinusoidal,,"(128, 128)",BICGSTAB,1e-06,1e-08,15,100,10,200,0,100.00%,2.03,0.17,3,2,3.72,1.61,11,2,0.0008,0.0008,0.0036,0.0000,0.0019,0.0024,0.0347,0.0014,0.3761,0.5033,0,,,0.1,SINUSOIDAL,1.06x
reactdiff_040_summary.txt,CPU,Automatic Differentiation,float32,time,200,dirichlet,dirichlet,sinusoidal,,"(128, 128)",GMRES,0.0001,1e-06,15,100,10,200,0,100.00%,2.00,0.00,2,2,7.25,0.91,13,7,0.0009,0.0009,0.0033,0.0000,0.0020,0.0021,0.0315,0.0017,0.4040,0.5588,0,,,0.1,SINUSOIDAL,1.14x
reactdiff_041_summary.txt,CPU,Automatic Differentiation,float32,time,200,dirichlet,dirichlet,sinusoidal,,"(128, 128)",BICGSTAB,0.0001,1e-06,15,100,10,200,0,100.00%,2.00,0.00,2,2,4.09,0.47,8,4,0.0009,0.0009,0.0035,0.0000,0.0020,0.0022,0.0330,0.0016,0.4093,0.5366,0,,,0.1,SINUSOIDAL,1.16x
reactdiff_112_summary.txt,CPU,Automatic Differentiation,float64,time,200,dirichlet,dirichlet,sinusoidal,,"(128, 128)",GMRES,1e-06,1e-08,15,100,10,200,0,100.00%,2.03,0.17,3,2,6.94,2.84,18,4,0.0010,0.0010,0.0046,0.0001,0.0022,0.0027,0.0372,0.0015,0.4381,0.5680,0,,,0.1,SINUSOIDAL,1.24x
reactdiff_119_summary.txt,CPU,Finite Difference,float64,time,200,dirichlet,dirichlet,sinusoidal,,"(128, 128)",BICGSTAB,1e-06,1e-08,15,100,10,200,0,100.00%,2.03,0.17,3,2,7.19,15.32,100,3,0.0016,0.0041,0.0521,0.0001,0.0034,0.0088,0.1096,0.0017,0.6828,0.8171,0,,,0.1,SINUSOIDAL,1.93x
reactdiff_120_summary.txt,CPU,Finite Difference,float64,time,200,dirichlet,dirichlet,sinusoidal,,"(128, 128)",CG,1e-06,1e-08,15,100,10,200,0,100.00%,2.03,0.17,3,2,33.35,20.39,100,13,0.0028,0.0038,0.0428,0.0001,0.0058,0.0064,0.0855,0.0026,1.1642,1.2953,0,,,0.1,SINUSOIDAL,3.29x
reactdiff_048_summary.txt,CPU,Finite Difference,float32,time,200,dirichlet,dirichlet,sinusoidal,,"(128, 128)",CG,0.0001,1e-06,15,100,10,29,171,14.50%,14.90,0.37,15,12,100.00,0.00,100,100,0.0117,0.0015,0.0559,0.0001,0.1744,0.0094,0.2518,0.1301,34.8801,35.0090,0,,,0.1,SINUSOIDAL,98.45x
reactdiff_047_summary.txt,CPU,Finite Difference,float32,time,200,dirichlet,dirichlet,sinusoidal,,"(128, 128)",BICGSTAB,0.0001,1e-06,15,100,10,0,200,0.00%,15.00,0.00,15,15,83.73,30.30,100,5,0.0220,0.0078,0.0687,0.0018,0.3300,0.0275,0.4003,0.2517,65.9955,66.1157,0,,,0.1,SINUSOIDAL,186.27x
reactdiff_118_summary.txt,CPU,Finite Difference,float64,time,200,dirichlet,dirichlet,sinusoidal,,"(128, 128)",GMRES,1e-06,1e-08,15,100,10,200,0,100.00%,2.03,0.17,3,2,1945.81,9.04,1997,1942,0.2367,0.2333,0.5127,0.0001,0.4808,0.0855,1.0204,0.4567,96.1610,96.2896,0,,,0.1,SINUSOIDAL,271.41x
reactdiff_046_summary.txt,CPU,Finite Difference,float32,time,200,dirichlet,dirichlet,sinusoidal,,"(128, 128)",GMRES,0.0001,1e-06,15,100,10,186,14,93.00%,10.60,2.75,15,6,1993.66,2.89,1995,1983,0.3549,0.1102,0.5169,0.0001,3.7617,1.1141,5.8914,1.9277,752.3407,752.4674,0,,,0.1,SINUSOIDAL,2123.46x
reactdiff_039_summary.txt,CPU,Automatic Differentiation,float32,time,200,dirichlet,dirichlet,sinusoidal,,"(64, 64)",CG,0.0001,1e-06,15,100,10,200,0,100.00%,2.00,0.00,2,2,6.92,1.15,14,6,0.0006,0.0006,0.0022,0.0000,0.0014,0.0020,0.0298,0.0011,0.2782,0.3972,0,,,0.1,SINUSOIDAL,1.00x
reactdiff_038_summary.txt,CPU,Automatic Differentiation,float32,time,200,dirichlet,dirichlet,sinusoidal,,"(64, 64)",BICGSTAB,0.0001,1e-06,15,100,10,200,0,100.00%,2.00,0.00,2,2,3.52,0.81,8,3,0.0006,0.0006,0.0024,0.0000,0.0014,0.0021,0.0316,0.0012,0.2883,0.4117,0,,,0.1,SINUSOIDAL,1.04x
reactdiff_037_summary.txt,CPU,Automatic Differentiation,float32,time,200,dirichlet,dirichlet,sinusoidal,,"(64, 64)",GMRES,0.0001,1e-06,15,100,10,200,0,100.00%,2.00,0.00,2,2,6.92,1.19,15,6,0.0007,0.0007,0.0033,0.0000,0.0017,0.0021,0.0317,0.0014,0.3304,0.4841,0,,,0.1,SINUSOIDAL,1.19x
reactdiff_111_summary.txt,CPU,Automatic Differentiation,float64,time,200,dirichlet,dirichlet,sinusoidal,,"(64, 64)",CG,1e-06,1e-08,15,100,10,200,0,100.00%,2.24,0.43,3,2,7.54,3.71,18,4,0.0007,0.0006,0.0023,0.0000,0.0017,0.0024,0.0334,0.0010,0.3379,0.4635,0,,,0.1,SINUSOIDAL,1.21x
reactdiff_110_summary.txt,CPU,Automatic Differentiation,float64,time,200,dirichlet,dirichlet,sinusoidal,,"(64, 64)",BICGSTAB,1e-06,1e-08,15,100,10,200,0,100.00%,2.24,0.43,3,2,4.08,1.92,11,2,0.0007,0.0006,0.0025,0.0000,0.0018,0.0024,0.0335,0.0010,0.3533,0.4700,0,,,0.1,SINUSOIDAL,1.27x
reactdiff_109_summary.txt,CPU,Automatic Differentiation,float64,time,200,dirichlet,dirichlet,sinusoidal,,"(64, 64)",GMRES,1e-06,1e-08,15,100,10,200,0,100.00%,2.24,0.43,3,2,7.50,3.65,18,4,0.0008,0.0008,0.0034,0.0000,0.0021,0.0026,0.0350,0.0011,0.4126,0.5386,0,,,0.1,SINUSOIDAL,1.48x
reactdiff_116_summary.txt,CPU,Finite Difference,float64,time,200,dirichlet,dirichlet,sinusoidal,,"(64, 64)",BICGSTAB,1e-06,1e-08,15,100,10,200,0,100.00%,2.24,0.43,3,2,20.02,33.75,100,3,0.0021,0.0045,0.0426,0.0000,0.0049,0.0079,0.0793,0.0012,0.9837,1.1126,0,,,0.1,SINUSOIDAL,3.54x
reactdiff_117_summary.txt,CPU,Finite Difference,float64,time,200,dirichlet,dirichlet,sinusoidal,,"(64, 64)",CG,1e-06,1e-08,15,100,10,200,0,100.00%,2.24,0.43,3,2,75.17,35.76,100,12,0.0034,0.0038,0.0374,0.0000,0.0078,0.0050,0.0727,0.0022,1.5608,1.6921,0,,,0.1,SINUSOIDAL,5.61x
reactdiff_045_summary.txt,CPU,Finite Difference,float32,time,200,dirichlet,dirichlet,sinusoidal,,"(64, 64)",CG,0.0001,1e-06,15,100,10,40,160,20.00%,14.88,0.44,15,12,100.00,0.00,100,100,0.0081,0.0013,0.0493,0.0000,0.1214,0.0073,0.1680,0.0912,24.2709,24.3921,0,,,0.1,SINUSOIDAL,87.24x
reactdiff_044_summary.txt,CPU,Finite Difference,float32,time,200,dirichlet,dirichlet,sinusoidal,,"(64, 64)",BICGSTAB,0.0001,1e-06,15,100,10,85,115,42.50%,12.79,3.41,15,3,82.22,31.86,100,4,0.0140,0.0061,0.0561,0.0000,0.1797,0.0660,0.2623,0.0084,35.9300,36.0542,0,,,0.1,SINUSOIDAL,129.15x
reactdiff_115_summary.txt,CPU,Finite Difference,float64,time,200,dirichlet,dirichlet,sinusoidal,,"(64, 64)",GMRES,1e-06,1e-08,15,100,10,200,0,100.00%,2.24,0.43,3,2,1951.19,18.76,1992,1938,0.1479,0.1328,0.3134,0.0000,0.3315,0.1169,0.6119,0.2636,66.2984,66.4231,0,,,0.1,SINUSOIDAL,238.31x
reactdiff_043_summary.txt,CPU,Finite Difference,float32,time,200,dirichlet,dirichlet,sinusoidal,,"(64, 64)",GMRES,0.0001,1e-06,15,100,10,200,0,100.00%,2.44,1.08,8,2,1986.95,5.19,1995,1982,0.1452,0.1212,0.2973,0.0000,0.3537,0.2725,1.8375,0.2406,70.7441,70.8654,0,,,0.1,SINUSOIDAL,254.29x
maxwell_092_summary.txt,CPU,Automatic Differentiation,float64,omega,10,PEC,PEC,gaussian_center,,"(128, 128)",BICGSTAB,1e-06,1e-08,50,100,10,10,0,100.00%,5.20,3.94,16,3,19.17,13.91,30,0,0.0172,0.0145,0.0346,0.0002,0.1095,0.1314,0.4697,0.0241,1.0950,1.7993,0,0.05,,,GAUSSIAN_CENTER,1.00x
maxwell_096_summary.txt,CPU,Finite Difference,float64,omega,10,PEC,PEC,gaussian_center,,"(128, 128)",BICGSTAB,1e-06,1e-08,50,100,10,10,0,100.00%,5.50,3.83,15,3,20.31,13.54,30,0,0.0213,0.0175,0.0618,0.0002,0.1416,0.1419,0.4663,0.0395,1.4158,2.1593,0,0.05,,,GAUSSIAN_CENTER,1.29x
maxwell_048_summary.txt,CPU,Finite Difference,float32,omega,10,PEC,PEC,gaussian_center,,"(128, 128)",BICGSTAB,0.0001,1e-06,50,100,10,6,4,60.00%,25.20,20.33,50,6,28.73,5.62,30,0,0.0250,0.0062,0.0366,0.0002,0.6467,0.5443,1.3313,0.1330,6.4675,7.0610,0,0.05,,,GAUSSIAN_CENTER,5.91x
maxwell_044_summary.txt,CPU,Automatic Differentiation,float32,omega,10,PEC,PEC,gaussian_center,,"(128, 128)",BICGSTAB,0.0001,1e-06,50,100,10,5,5,50.00%,28.40,21.65,50,4,28.75,5.66,30,0,0.0225,0.0053,0.0266,0.0002,0.6517,0.5251,1.1896,0.0671,6.5170,7.2011,0,0.05,,,GAUSSIAN_CENTER,5.95x
maxwell_091_summary.txt,CPU,Automatic Differentiation,float64,omega,10,PEC,PEC,gaussian_center,,"(128, 128)",GMRES,1e-06,1e-08,50,100,10,10,0,100.00%,3.00,0.00,3,3,114.83,168.25,600,1,0.2768,0.5407,2.2465,0.0002,1.1119,0.7683,2.9764,0.2182,11.1192,11.8268,0,0.05,,,GAUSSIAN_CENTER,10.15x
maxwell_095_summary.txt,CPU,Finite Difference,float64,omega,10,PEC,PEC,gaussian_center,,"(128, 128)",GMRES,1e-06,1e-08,50,100,10,10,0,100.00%,3.00,0.00,3,3,130.47,175.80,594,1,0.3215,0.5587,2.2086,0.0002,1.2907,0.5958,2.9518,0.7269,12.9067,13.6401,0,0.05,,,GAUSSIAN_CENTER,11.79x
maxwell_043_summary.txt,CPU,Automatic Differentiation,float32,omega,10,PEC,PEC,gaussian_center,,"(128, 128)",GMRES,0.0001,1e-06,50,100,10,7,3,70.00%,20.10,19.68,50,4,304.00,103.56,436,1,0.6697,0.2881,1.0400,0.0002,13.9326,17.0254,46.1935,1.0791,139.3262,140.0110,0,0.05,,,GAUSSIAN_CENTER,127.24x
maxwell_047_summary.txt,CPU,Finite Difference,float32,omega,10,PEC,PEC,gaussian_center,,"(128, 128)",GMRES,0.0001,1e-06,50,100,10,6,4,60.00%,24.70,20.73,50,6,5267.00,1556.60,5907,1,12.9733,4.3882,15.1567,0.0002,328.2281,301.6219,705.9395,56.5099,3282.2809,3282.8968,0,0.05,,,GAUSSIAN_CENTER,2997.52x
maxwell_042_summary.txt,CPU,Automatic Differentiation,float32,omega,10,PEC,PEC,gaussian_center,,"(64, 64)",BICGSTAB,0.0001,1e-06,50,100,10,10,0,100.00%,2.10,0.30,3,2,2.43,6.38,30,0,0.0012,0.0021,0.0120,0.0001,0.0046,0.0043,0.0174,0.0028,0.0462,0.6287,0,0.05,,,GAUSSIAN_CENTER,1.00x
maxwell_046_summary.txt,CPU,Finite Difference,float32,omega,10,PEC,PEC,gaussian_center,,"(64, 64)",BICGSTAB,0.0001,1e-06,50,100,10,10,0,100.00%,2.10,0.30,3,2,4.19,7.53,30,0,0.0018,0.0030,0.0143,0.0001,0.0069,0.0062,0.0241,0.0033,0.0690,0.6442,0,0.05,,,GAUSSIAN_CENTER,1.49x
maxwell_090_summary.txt,CPU,Automatic Differentiation,float64,omega,10,PEC,PEC,gaussian_center,,"(64, 64)",BICGSTAB,1e-06,1e-08,50,100,10,10,0,100.00%,2.90,0.54,4,2,4.97,9.29,30,0,0.0020,0.0033,0.0124,0.0001,0.0090,0.0076,0.0287,0.0031,0.0901,0.7717,0,0.05,,,GAUSSIAN_CENTER,1.95x
maxwell_094_summary.txt,CPU,Finite Difference,float64,omega,10,PEC,PEC,gaussian_center,,"(64, 64)",BICGSTAB,1e-06,1e-08,50,100,10,10,0,100.00%,2.90,0.54,4,2,5.21,9.61,30,0,0.0024,0.0039,0.0140,0.0001,0.0105,0.0085,0.0319,0.0034,0.1049,0.6832,0,0.05,,,GAUSSIAN_CENTER,2.27x
maxwell_041_summary.txt,CPU,Automatic Differentiation,float32,omega,10,PEC,PEC,gaussian_center,,"(64, 64)",GMRES,0.0001,1e-06,50,100,10,10,0,100.00%,2.10,0.30,3,2,11.10,38.93,185,1,0.0050,0.0221,0.1259,0.0001,0.0169,0.0385,0.1326,0.0037,0.1695,0.7469,0,0.05,,,GAUSSIAN_CENTER,3.67x
maxwell_089_summary.txt,CPU,Automatic Differentiation,float64,omega,10,PEC,PEC,gaussian_center,,"(64, 64)",GMRES,1e-06,1e-08,50,100,10,10,0,100.00%,2.70,0.46,3,2,20.52,52.20,242,1,0.0108,0.0397,0.2296,0.0001,0.0415,0.0706,0.2357,0.0042,0.4145,1.1246,0,0.05,,,GAUSSIAN_CENTER,8.97x
maxwell_093_summary.txt,CPU,Finite Difference,float64,omega,10,PEC,PEC,gaussian_center,,"(64, 64)",GMRES,1e-06,1e-08,50,100,10,10,0,100.00%,2.70,0.46,3,2,21.04,53.06,245,1,0.0111,0.0402,0.2307,0.0001,0.0429,0.0710,0.2365,0.0044,0.4290,1.0166,0,0.05,,,GAUSSIAN_CENTER,9.29x
maxwell_045_summary.txt,CPU,Finite Difference,float32,omega,10,PEC,PEC,gaussian_center,,"(64, 64)",GMRES,0.0001,1e-06,50,100,10,10,0,100.00%,2.10,0.30,3,2,273.67,1203.99,5658,1,0.1849,1.0050,5.6896,0.0001,0.5748,1.7084,5.7001,0.0042,5.7485,6.4273,0,0.05,,,GAUSSIAN_CENTER,124.43x
maxwell_084_summary.txt,CPU,Automatic Differentiation,float64,omega,10,PEC,PEC,gaussian_center,,"(128, 128)",BICGSTAB,1e-06,1e-08,50,100,10,10,0,100.00%,5.70,4.38,17,3,20.47,13.58,30,0,0.0181,0.0141,0.0335,0.0002,0.1241,0.1423,0.4860,0.0258,1.2405,1.9566,0,0.1,,,GAUSSIAN_CENTER,1.00x
maxwell_088_summary.txt,CPU,Finite Difference,float64,omega,10,PEC,PEC,gaussian_center,,"(128, 128)",BICGSTAB,1e-06,1e-08,50,100,10,10,0,100.00%,5.50,3.61,13,3,20.51,13.64,30,0,0.0190,0.0150,0.0351,0.0002,0.1266,0.1230,0.3797,0.0401,1.2664,1.8600,0,0.1,,,GAUSSIAN_CENTER,1.02x
maxwell_036_summary.txt,CPU,Automatic Differentiation,float32,omega,10,PEC,PEC,gaussian_center,,"(128, 128)",BICGSTAB,0.0001,1e-06,50,100,10,6,4,60.00%,27.00,19.58,50,4,28.63,5.79,30,0,0.0226,0.0057,0.0278,0.0002,0.6256,0.4869,1.2126,0.0628,6.2561,6.8433,0,0.1,,,GAUSSIAN_CENTER,5.04x
maxwell_040_summary.txt,CPU,Finite Difference,float32,omega,10,PEC,PEC,gaussian_center,,"(128, 128)",BICGSTAB,0.0001,1e-06,50,100,10,5,5,50.00%,28.70,21.33,50,5,28.87,5.42,30,0,0.0256,0.0058,0.0296,0.0002,0.7494,0.5845,1.3579,0.1045,7.4943,8.0811,0,0.1,,,GAUSSIAN_CENTER,6.04x
maxwell_083_summary.txt,CPU,Automatic Differentiation,float64,omega,10,PEC,PEC,gaussian_center,,"(128, 128)",GMRES,1e-06,1e-08,50,100,10,10,0,100.00%,3.00,0.00,3,3,107.93,160.41,454,1,0.2613,0.5144,1.5854,0.0002,1.0496,0.5287,1.6627,0.2091,10.4963,11.0913,0,0.1,,,GAUSSIAN_CENTER,8.46x
maxwell_087_summary.txt,CPU,Finite Difference,float64,omega,10,PEC,PEC,gaussian_center,,"(128, 128)",GMRES,1e-06,1e-08,50,100,10,10,0,100.00%,3.00,0.00,3,3,120.37,165.50,454,1,0.2919,0.5188,1.5966,0.0002,1.1722,0.3262,1.6921,0.7831,11.7217,12.3176,0,0.1,,,GAUSSIAN_CENTER,9.45x
maxwell_035_summary.txt,CPU,Automatic Differentiation,float32,omega,10,PEC,PEC,gaussian_center,,"(128, 128)",GMRES,0.0001,1e-06,50,100,10,5,5,50.00%,28.30,21.72,50,5,336.43,96.04,465,1,0.7525,0.2580,1.0681,0.0002,21.6763,19.1136,49.3688,2.2794,216.7633,217.3535,0,0.1,,,GAUSSIAN_CENTER,174.74x
maxwell_039_summary.txt,CPU,Finite Difference,float32,omega,10,PEC,PEC,gaussian_center,,"(128, 128)",GMRES,0.0001,1e-06,50,100,10,5,5,50.00%,28.90,21.12,50,6,5391.99,1463.24,5923,1,13.3194,4.0578,15.2797,0.0002,391.5930,308.3266,707.1368,57.1365,3915.9299,3916.6454,0,0.1,,,GAUSSIAN_CENTER,3156.74x
maxwell_034_summary.txt,CPU,Automatic Differentiation,float32,omega,10,PEC,PEC,gaussian_center,,"(64, 64)",BICGSTAB,0.0001,1e-06,50,100,10,10,0,100.00%,2.20,0.40,3,2,3.64,8.48,30,0,0.0015,0.0028,0.0122,0.0001,0.0059,0.0055,0.0176,0.0029,0.0590,0.7158,0,0.1,,,GAUSSIAN_CENTER,1.00x
maxwell_038_summary.txt,CPU,Finite Difference,float32,omega,10,PEC,PEC,gaussian_center,,"(64, 64)",BICGSTAB,0.0001,1e-06,50,100,10,10,0,100.00%,2.20,0.40,3,2,4.82,8.65,30,0,0.0021,0.0035,0.0146,0.0001,0.0078,0.0078,0.0244,0.0035,0.0779,0.7441,0,0.1,,,GAUSSIAN_CENTER,1.32x
maxwell_086_summary.txt,CPU,Finite Difference,float64,omega,10,PEC,PEC,gaussian_center,,"(64, 64)",BICGSTAB,1e-06,1e-08,50,100,10,10,0,100.00%,3.10,0.30,4,3,5.13,9.11,30,0,0.0024,0.0039,0.0161,0.0001,0.0112,0.0099,0.0380,0.0054,0.1122,0.8111,0,0.1,,,GAUSSIAN_CENTER,1.90x
maxwell_082_summary.txt,CPU,Automatic Differentiation,float64,omega,10,PEC,PEC,gaussian_center,,"(64, 64)",BICGSTAB,1e-06,1e-08,50,100,10,10,0,100.00%,3.20,0.60,5,3,5.84,9.86,30,0,0.0025,0.0037,0.0140,0.0001,0.0116,0.0118,0.0456,0.0055,0.1159,0.6868,0,0.1,,,GAUSSIAN_CENTER,1.96x
maxwell_033_summary.txt,CPU,Automatic Differentiation,float32,omega,10,PEC,PEC,gaussian_center,,"(64, 64)",GMRES,0.0001,1e-06,50,100,10,10,0,100.00%,2.20,0.40,3,2,20.55,58.61,243,1,0.0091,0.0334,0.1762,0.0001,0.0314,0.0592,0.1916,0.0037,0.3142,0.9788,0,0.1,,,GAUSSIAN_CENTER,5.33x
maxwell_081_summary.txt,CPU,Automatic Differentiation,float64,omega,10,PEC,PEC,gaussian_center,,"(64, 64)",GMRES,1e-06,1e-08,50,100,10,10,0,100.00%,3.00,0.00,3,3,22.10,54.95,247,1,0.0115,0.0410,0.2256,0.0001,0.0474,0.0739,0.2312,0.0084,0.4739,1.0523,0,0.1,,,GAUSSIAN_CENTER,8.03x
maxwell_085_summary.txt,CPU,Finite Difference,float64,omega,10,PEC,PEC,gaussian_center,,"(64, 64)",GMRES,1e-06,1e-08,50,100,10,10,0,100.00%,3.00,0.00,3,3,22.23,55.16,246,1,0.0126,0.0441,0.2396,0.0001,0.0524,0.0789,0.2460,0.0101,0.5244,1.2163,0,0.1,,,GAUSSIAN_CENTER,8.89x
maxwell_037_summary.txt,CPU,Finite Difference,float32,omega,10,PEC,PEC,gaussian_center,,"(64, 64)",GMRES,0.0001,1e-06,50,100,10,10,0,100.00%,2.20,0.40,3,2,517.50,1624.47,5729,1,0.3522,1.3585,5.7107,0.0001,1.1288,2.2469,5.7208,0.0044,11.2882,12.0442,0,0.1,,,GAUSSIAN_CENTER,191.33x
maxwell_076_summary.txt,CPU,Automatic Differentiation,float64,omega,10,PEC,PEC,gaussian_center,,"(128, 128)",BICGSTAB,1e-06,1e-08,50,100,10,10,0,100.00%,7.10,5.30,19,3,21.99,12.91,30,0,0.0196,0.0135,0.0383,0.0002,0.1611,0.1713,0.5495,0.0154,1.6115,2.2076,0,0.5,,,GAUSSIAN_CENTER,1.00x
maxwell_080_summary.txt,CPU,Finite Difference,float64,omega,10,PEC,PEC,gaussian_center,,"(128, 128)",BICGSTAB,1e-06,1e-08,50,100,10,10,0,100.00%,7.10,5.99,22,3,22.58,12.75,30,0,0.0214,0.0143,0.0345,0.0002,0.1763,0.1982,0.6669,0.0392,1.7627,2.4742,0,0.5,,,GAUSSIAN_CENTER,1.09x
maxwell_028_summary.txt,CPU,Automatic Differentiation,float32,omega,10,PEC,PEC,gaussian_center,,"(128, 128)",BICGSTAB,0.0001,1e-06,50,100,10,7,3,70.00%,21.70,18.78,50,6,27.80,7.37,30,0,0.0219,0.0070,0.0337,0.0002,0.4927,0.4765,1.2324,0.1093,4.9270,5.5976,0,0.5,,,GAUSSIAN_CENTER,3.06x
maxwell_032_summary.txt,CPU,Finite Difference,float32,omega,10,PEC,PEC,gaussian_center,,"(128, 128)",BICGSTAB,0.0001,1e-06,50,100,10,6,4,60.00%,28.10,19.23,50,6,28.65,5.78,30,0,0.0248,0.0062,0.0431,0.0002,0.7156,0.5091,1.3020,0.1318,7.1564,7.9073,0,0.5,,,GAUSSIAN_CENTER,4.44x
maxwell_075_summary.txt,CPU,Automatic Differentiation,float64,omega,10,PEC,PEC,gaussian_center,,"(128, 128)",GMRES,1e-06,1e-08,50,100,10,10,0,100.00%,3.00,0.00,3,3,145.43,205.79,538,1,0.3320,0.6280,1.8780,0.0002,1.3328,0.6264,2.1071,0.2425,13.3278,13.9254,0,0.5,,,GAUSSIAN_CENTER,8.27x
maxwell_079_summary.txt,CPU,Finite Difference,float64,omega,10,PEC,PEC,gaussian_center,,"(128, 128)",GMRES,1e-06,1e-08,50,100,10,10,0,100.00%,3.00,0.00,3,3,150.67,203.93,540,1,0.3630,0.6396,2.0483,0.0002,1.4567,0.4411,2.3122,0.7622,14.5672,15.2551,0,0.5,,,GAUSSIAN_CENTER,9.04x
maxwell_027_summary.txt,CPU,Automatic Differentiation,float32,omega,10,PEC,PEC,gaussian_center,,"(128, 128)",GMRES,0.0001,1e-06,50,100,10,6,4,60.00%,25.10,20.57,50,5,467.81,134.81,555,1,1.0706,0.3616,1.3612,0.0002,27.5173,24.4956,62.0366,2.6659,275.1731,275.8429,0,0.5,,,GAUSSIAN_CENTER,170.76x
maxwell_031_summary.txt,CPU,Finite Difference,float32,omega,10,PEC,PEC,gaussian_center,,"(128, 128)",GMRES,0.0001,1e-06,50,100,10,6,4,60.00%,24.60,20.76,50,6,5480.52,1622.64,6000,1,13.4983,4.5745,15.4377,0.0002,340.1605,312.8349,730.6648,59.6909,3401.6049,3402.2141,0,0.5,,,GAUSSIAN_CENTER,2110.83x
maxwell_026_summary.txt,CPU,Automatic Differentiation,float32,omega,10,PEC,PEC,gaussian_center,,"(64, 64)",BICGSTAB,0.0001,1e-06,50,100,10,10,0,100.00%,2.60,0.66,4,2,5.85,10.44,30,0,0.0022,0.0037,0.0137,0.0001,0.0090,0.0085,0.0295,0.0028,0.0905,0.7599,0,0.5,,,GAUSSIAN_CENTER,1.00x
maxwell_030_summary.txt,CPU,Finite Difference,float32,omega,10,PEC,PEC,gaussian_center,,"(64, 64)",BICGSTAB,0.0001,1e-06,50,100,10,10,0,100.00%,2.70,0.46,3,2,5.37,9.33,30,0,0.0024,0.0038,0.0145,0.0001,0.0100,0.0073,0.0239,0.0032,0.0996,0.6590,0,0.5,,,GAUSSIAN_CENTER,1.10x
maxwell_074_summary.txt,CPU,Automatic Differentiation,float64,omega,10,PEC,PEC,gaussian_center,,"(64, 64)",BICGSTAB,1e-06,1e-08,50,100,10,10,0,100.00%,3.40,0.92,6,3,7.41,11.60,30,0,0.0029,0.0043,0.0136,0.0001,0.0138,0.0158,0.0561,0.0048,0.1381,0.8252,0,0.5,,,GAUSSIAN_CENTER,1.53x
maxwell_078_summary.txt,CPU,Finite Difference,float64,omega,10,PEC,PEC,gaussian_center,,"(64, 64)",BICGSTAB,1e-06,1e-08,50,100,10,10,0,100.00%,3.60,1.28,7,3,8.67,12.35,30,0,0.0039,0.0055,0.0160,0.0001,0.0191,0.0242,0.0809,0.0054,0.1910,0.9427,0,0.5,,,GAUSSIAN_CENTER,2.11x
maxwell_025_summary.txt,CPU,Automatic Differentiation,float32,omega,10,PEC,PEC,gaussian_center,,"(64, 64)",GMRES,0.0001,1e-06,50,100,10,10,0,100.00%,2.50,0.50,3,2,33.64,78.93,282,1,0.0139,0.0443,0.2138,0.0001,0.0499,0.0744,0.2198,0.0037,0.4988,1.0700,0,0.5,,,GAUSSIAN_CENTER,5.51x
maxwell_073_summary.txt,CPU,Automatic Differentiation,float64,omega,10,PEC,PEC,gaussian_center,,"(64, 64)",GMRES,1e-06,1e-08,50,100,10,10,0,100.00%,3.00,0.00,3,3,34.70,98.10,478,1,0.0212,0.0866,0.5170,0.0001,0.0862,0.1612,0.5297,0.0090,0.8619,1.5301,0,0.5,,,GAUSSIAN_CENTER,9.52x
maxwell_077_summary.txt,CPU,Finite Difference,float64,omega,10,PEC,PEC,gaussian_center,,"(64, 64)",GMRES,1e-06,1e-08,50,100,10,10,0,100.00%,3.00,0.00,3,3,34.83,98.56,481,1,0.0224,0.0905,0.5395,0.0001,0.0913,0.1680,0.5529,0.0104,0.9128,1.5144,0,0.5,,,GAUSSIAN_CENTER,10.09x
maxwell_029_summary.txt,CPU,Finite Difference,float32,omega,10,PEC,PEC,gaussian_center,,"(64, 64)",GMRES,0.0001,1e-06,50,100,10,10,0,100.00%,2.60,0.49,3,2,1251.54,2287.94,5885,1,0.9054,2.0298,5.9049,0.0001,3.2610,2.6822,5.9202,0.0041,32.6096,33.1795,0,0.5,,,GAUSSIAN_CENTER,360.33x
maxwell_020_summary.txt,CPU,Automatic Differentiation,float32,omega,10,PEC,PEC,dipole,,"(128, 128)",BICGSTAB,0.0001,1e-06,50,100,10,8,2,80.00%,18.40,17.04,50,5,29.97,0.37,30,25,0.0231,0.0050,0.0275,0.0002,0.4672,0.4226,1.2623,0.1295,4.6723,5.3967,0,0.05,,,DIPOLE,1.00x
maxwell_068_summary.txt,CPU,Automatic Differentiation,float64,omega,10,PEC,PEC,dipole,,"(128, 128)",BICGSTAB,1e-06,1e-08,50,100,10,10,0,100.00%,14.70,7.10,29,6,29.97,0.33,30,26,0.0285,0.0074,0.0333,0.0002,0.4773,0.2145,0.9039,0.2055,4.7735,5.4706,0,0.05,,,DIPOLE,1.02x
maxwell_072_summary.txt,CPU,Finite Difference,float64,omega,10,PEC,PEC,dipole,,"(128, 128)",BICGSTAB,1e-06,1e-08,50,100,10,10,0,100.00%,14.20,6.62,28,6,30.00,0.00,30,30,0.0310,0.0095,0.0541,0.0002,0.5023,0.2613,1.1301,0.2168,5.0232,5.7523,0,0.05,,,DIPOLE,1.08x
maxwell_024_summary.txt,CPU,Finite Difference,float32,omega,10,PEC,PEC,dipole,,"(128, 128)",BICGSTAB,0.0001,1e-06,50,100,10,7,3,70.00%,20.80,19.27,50,5,29.99,0.15,30,28,0.0263,0.0051,0.0352,0.0002,0.5916,0.5399,1.4538,0.1529,5.9165,6.5081,0,0.05,,,DIPOLE,1.27x
maxwell_071_summary.txt,CPU,Finite Difference,float64,omega,10,PEC,PEC,dipole,,"(128, 128)",GMRES,1e-06,1e-08,50,100,10,10,0,100.00%,3.00,0.00,3,3,150.73,109.22,429,25,0.3348,0.4055,1.5328,0.0002,1.9034,0.9125,3.6660,0.6824,19.0338,19.6387,0,0.05,,,DIPOLE,4.07x
maxwell_067_summary.txt,CPU,Automatic Differentiation,float64,omega,10,PEC,PEC,dipole,,"(128, 128)",GMRES,1e-06,1e-08,50,100,10,10,0,100.00%,3.00,0.00,3,3,152.93,115.30,495,25,0.3363,0.4120,1.6150,0.0002,1.9105,0.9241,3.7547,0.6748,19.1049,19.8263,0,0.05,,,DIPOLE,4.09x
maxwell_019_summary.txt,CPU,Automatic Differentiation,float32,omega,10,PEC,PEC,dipole,,"(128, 128)",GMRES,0.0001,1e-06,50,100,10,8,2,80.00%,12.80,18.64,50,3,311.85,104.03,413,26,0.6783,0.3157,1.0264,0.0002,9.6068,16.5120,45.3734,0.4442,96.0680,96.6655,0,0.05,,,DIPOLE,20.56x
maxwell_023_summary.txt,CPU,Finite Difference,float32,omega,10,PEC,PEC,dipole,,"(128, 128)",GMRES,0.0001,1e-06,50,100,10,7,3,70.00%,17.10,21.54,50,3,4966.71,1961.32,5865,25,12.0100,5.4436,14.8587,0.0002,214.1790,316.8247,704.8614,0.4582,2141.7901,2142.4052,0,0.05,,,DIPOLE,458.40x
maxwell_018_summary.txt,CPU,Automatic Differentiation,float32,omega,10,PEC,PEC,dipole,,"(64, 64)",BICGSTAB,0.0001,1e-06,50,100,10,10,0,100.00%,2.30,0.64,4,2,8.96,12.26,30,0,0.0029,0.0043,0.0123,0.0001,0.0123,0.0173,0.0576,0.0030,0.1225,0.6994,0,0.05,,,DIPOLE,1.00x
maxwell_022_summary.txt,CPU,Finite Difference,float32,omega,10,PEC,PEC,dipole,,"(64, 64)",BICGSTAB,0.0001,1e-06,50,100,10,10,0,100.00%,2.40,0.66,4,2,9.33,12.37,30,0,0.0035,0.0052,0.0145,0.0001,0.0151,0.0215,0.0714,0.0032,0.1513,0.8077,0,0.05,,,DIPOLE,1.24x
maxwell_066_summary.txt,CPU,Automatic Differentiation,float64,omega,10,PEC,PEC,dipole,,"(64, 64)",BICGSTAB,1e-06,1e-08,50,100,10,10,0,100.00%,3.50,1.02,6,3,11.00,12.75,30,0,0.0041,0.0050,0.0152,0.0001,0.0211,0.0279,0.0898,0.0050,0.2112,0.7974,0,0.05,,,DIPOLE,1.72x
maxwell_070_summary.txt,CPU,Finite Difference,float64,omega,10,PEC,PEC,dipole,,"(64, 64)",BICGSTAB,1e-06,1e-08,50,100,10,10,0,100.00%,3.40,0.92,6,3,10.29,12.44,30,0,0.0042,0.0054,0.0144,0.0001,0.0218,0.0283,0.0948,0.0055,0.2183,0.7954,0,0.05,,,DIPOLE,1.78x
maxwell_017_summary.txt,CPU,Automatic Differentiation,float32,omega,10,PEC,PEC,dipole,,"(64, 64)",GMRES,0.0001,1e-06,50,100,10,10,0,100.00%,2.30,0.46,3,2,22.26,42.79,171,1,0.0084,0.0227,0.1147,0.0001,0.0313,0.0542,0.1736,0.0041,0.3131,0.9574,0,0.05,,,DIPOLE,2.56x
maxwell_065_summary.txt,CPU,Automatic Differentiation,float64,omega,10,PEC,PEC,dipole,,"(64, 64)",GMRES,1e-06,1e-08,50,100,10,10,0,100.00%,3.00,0.00,3,3,23.47,40.05,172,1,0.0107,0.0277,0.1512,0.0001,0.0471,0.0688,0.2260,0.0079,0.4712,1.0568,0,0.05,,,DIPOLE,3.85x
maxwell_069_summary.txt,CPU,Finite Difference,float64,omega,10,PEC,PEC,dipole,,"(64, 64)",GMRES,1e-06,1e-08,50,100,10,10,0,100.00%,3.00,0.00,3,3,23.47,40.05,172,1,0.0112,0.0283,0.1529,0.0001,0.0492,0.0690,0.2271,0.0092,0.4917,1.1905,0,0.05,,,DIPOLE,4.01x
maxwell_021_summary.txt,CPU,Finite Difference,float32,omega,10,PEC,PEC,dipole,,"(64, 64)",GMRES,0.0001,1e-06,50,100,10,10,0,100.00%,2.20,0.40,3,2,268.95,1151.26,5542,1,0.1778,0.9560,5.4997,0.0001,0.5728,1.6641,5.5641,0.0041,5.7282,6.3808,0,0.05,,,DIPOLE,46.76x
maxwell_012_summary.txt,CPU,Automatic Differentiation,float32,omega,10,PEC,PEC,dipole,,"(128, 128)",BICGSTAB,0.0001,1e-06,50,100,10,8,2,80.00%,17.90,16.63,50,4,29.97,0.45,30,24,0.0220,0.0047,0.0266,0.0002,0.4328,0.3908,1.2243,0.1061,4.3279,4.9107,0,0.1,,,DIPOLE,1.00x
maxwell_060_summary.txt,CPU,Automatic Differentiation,float64,omega,10,PEC,PEC,dipole,,"(128, 128)",BICGSTAB,1e-06,1e-08,50,100,10,10,0,100.00%,14.70,7.38,30,6,29.95,0.52,30,24,0.0277,0.0073,0.0341,0.0002,0.4639,0.2219,0.9211,0.2017,4.6394,5.2304,0,0.1,,,DIPOLE,1.07x
maxwell_064_summary.txt,CPU,Finite Difference,float64,omega,10,PEC,PEC,dipole,,"(128, 128)",BICGSTAB,1e-06,1e-08,50,100,10,10,0,100.00%,14.60,7.00,29,7,29.95,0.50,30,24,0.0293,0.0079,0.0457,0.0002,0.4881,0.2269,0.9494,0.2362,4.8809,5.4793,0,0.1,,,DIPOLE,1.13x
maxwell_016_summary.txt,CPU,Finite Difference,float32,omega,10,PEC,PEC,dipole,,"(128, 128)",BICGSTAB,0.0001,1e-06,50,100,10,7,3,70.00%,20.70,19.33,50,4,29.91,0.72,30,23,0.0280,0.0060,0.0438,0.0002,0.6276,0.5784,1.5646,0.1297,6.2757,6.9497,0,0.1,,,DIPOLE,1.45x
maxwell_063_summary.txt,CPU,Finite Difference,float64,omega,10,PEC,PEC,dipole,,"(128, 128)",GMRES,1e-06,1e-08,50,100,10,10,0,100.00%,3.00,0.00,3,3,156.77,121.11,442,17,0.3494,0.4365,1.5327,0.0002,1.9659,0.9603,3.6842,0.6714,19.6595,20.4159,0,0.1,,,DIPOLE,4.54x
maxwell_059_summary.txt,CPU,Automatic Differentiation,float64,omega,10,PEC,PEC,dipole,,"(128, 128)",GMRES,1e-06,1e-08,50,100,10,10,0,100.00%,3.00,0.00,3,3,156.77,121.11,442,17,0.3504,0.4397,1.5444,0.0002,1.9726,0.9781,3.7079,0.6569,19.7256,20.3333,0,0.1,,,DIPOLE,4.56x
maxwell_011_summary.txt,CPU,Automatic Differentiation,float32,omega,10,PEC,PEC,dipole,,"(128, 128)",GMRES,0.0001,1e-06,50,100,10,7,3,70.00%,17.30,21.42,50,3,340.08,100.64,428,18,0.7616,0.3004,1.0564,0.0002,14.0925,19.8644,49.4025,0.4449,140.9246,141.5959,0,0.1,,,DIPOLE,32.56x
maxwell_015_summary.txt,CPU,Finite Difference,float32,omega,10,PEC,PEC,dipole,,"(128, 128)",GMRES,0.0001,1e-06,50,100,10,7,3,70.00%,17.20,21.47,50,3,4983.84,1981.95,5911,18,11.8795,5.4144,14.8832,0.0002,213.0412,314.0479,697.8386,0.4755,2130.4123,2131.1545,0,0.1,,,DIPOLE,492.25x
maxwell_010_summary.txt,CPU,Automatic Differentiation,float32,omega,10,PEC,PEC,dipole,,"(64, 64)",BICGSTAB,0.0001,1e-06,50,100,10,10,0,100.00%,2.70,0.64,4,2,8.07,11.26,30,0,0.0027,0.0039,0.0119,0.0001,0.0126,0.0157,0.0540,0.0029,0.1265,0.7733,0,0.1,,,DIPOLE,1.00x
maxwell_014_summary.txt,CPU,Finite Difference,float32,omega,10,PEC,PEC,dipole,,"(64, 64)",BICGSTAB,0.0001,1e-06,50,100,10,10,0,100.00%,2.80,0.98,5,2,10.25,12.59,30,0,0.0040,0.0054,0.0143,0.0001,0.0181,0.0247,0.0692,0.0032,0.1808,0.7528,0,0.1,,,DIPOLE,1.43x
maxwell_058_summary.txt,CPU,Automatic Differentiation,float64,omega,10,PEC,PEC,dipole,,"(64, 64)",BICGSTAB,1e-06,1e-08,50,100,10,10,0,100.00%,3.60,1.28,7,3,11.31,12.92,30,0,0.0040,0.0048,0.0126,0.0001,0.0214,0.0284,0.0926,0.0052,0.2137,0.7903,0,0.1,,,DIPOLE,1.69x
maxwell_062_summary.txt,CPU,Finite Difference,float64,omega,10,PEC,PEC,dipole,,"(64, 64)",BICGSTAB,1e-06,1e-08,50,100,10,10,0,100.00%,3.60,1.20,6,3,11.39,12.97,30,0,0.0047,0.0057,0.0147,0.0001,0.0248,0.0327,0.0974,0.0055,0.2482,0.9314,0,0.1,,,DIPOLE,1.96x
maxwell_009_summary.txt,CPU,Automatic Differentiation,float32,omega,10,PEC,PEC,dipole,,"(64, 64)",GMRES,0.0001,1e-06,50,100,10,10,0,100.00%,2.30,0.46,3,2,18.48,40.89,190,1,0.0068,0.0220,0.1253,0.0001,0.0261,0.0528,0.1828,0.0038,0.2606,0.9094,0,0.1,,,DIPOLE,2.06x
maxwell_057_summary.txt,CPU,Automatic Differentiation,float64,omega,10,PEC,PEC,dipole,,"(64, 64)",GMRES,1e-06,1e-08,50,100,10,10,0,100.00%,3.00,0.00,3,3,28.37,53.28,188,1,0.0131,0.0342,0.1502,0.0001,0.0564,0.0761,0.2165,0.0080,0.5637,1.2591,0,0.1,,,DIPOLE,4.46x
maxwell_061_summary.txt,CPU,Finite Difference,float64,omega,10,PEC,PEC,dipole,,"(64, 64)",GMRES,1e-06,1e-08,50,100,10,10,0,100.00%,3.00,0.00,3,3,28.37,53.28,188,1,0.0139,0.0359,0.1575,0.0001,0.0599,0.0803,0.2292,0.0091,0.5995,1.3084,0,0.1,,,DIPOLE,4.74x
maxwell_013_summary.txt,CPU,Finite Difference,float32,omega,10,PEC,PEC,dipole,,"(64, 64)",GMRES,0.0001,1e-06,50,100,10,10,0,100.00%,2.50,0.50,3,2,451.88,1498.45,5569,1,0.3185,1.2805,5.5545,0.0001,1.1188,2.2226,5.6149,0.0042,11.1876,11.7553,0,0.1,,,DIPOLE,88.44x
maxwell_008_summary.txt,CPU,Finite Difference,float32,omega,10,PEC,PEC,dipole,,"(128, 128)",BICGSTAB,0.0001,1e-06,50,100,10,8,2,80.00%,18.00,16.55,50,5,29.87,1.31,30,13,0.0235,0.0051,0.0269,0.0002,0.4650,0.4217,1.2848,0.1291,4.6503,5.2411,0,0.5,,,DIPOLE,1.00x
maxwell_004_summary.txt,CPU,Automatic Differentiation,float32,omega,10,PEC,PEC,dipole,,"(128, 128)",BICGSTAB,0.0001,1e-06,50,100,10,7,3,70.00%,20.90,19.18,50,5,29.87,1.36,30,13,0.0216,0.0042,0.0271,0.0002,0.4878,0.4399,1.1675,0.1155,4.8781,5.5469,0,0.5,,,DIPOLE,1.05x
maxwell_056_summary.txt,CPU,Finite Difference,float64,omega,10,PEC,PEC,dipole,,"(128, 128)",BICGSTAB,1e-06,1e-08,50,100,10,10,0,100.00%,15.00,7.21,30,7,29.79,1.93,30,8,0.0293,0.0082,0.0460,0.0002,0.5007,0.2546,1.0340,0.2146,5.0068,5.6939,0,0.5,,,DIPOLE,1.08x
maxwell_052_summary.txt,CPU,Automatic Differentiation,float64,omega,10,PEC,PEC,dipole,,"(128, 128)",BICGSTAB,1e-06,1e-08,50,100,10,10,0,100.00%,15.90,7.92,33,7,29.79,1.92,30,10,0.0280,0.0073,0.0367,0.0002,0.5034,0.2442,1.0231,0.2166,5.0345,5.7205,0,0.5,,,DIPOLE,1.08x
maxwell_055_summary.txt,CPU,Finite Difference,float64,omega,10,PEC,PEC,dipole,,"(128, 128)",GMRES,1e-06,1e-08,50,100,10,10,0,100.00%,3.00,0.00,3,3,184.07,150.10,489,6,0.4120,0.5307,1.7017,0.0002,2.2248,1.0461,3.8587,0.7484,22.2485,22.9701,0,0.5,,,DIPOLE,4.78x
maxwell_051_summary.txt,CPU,Automatic Differentiation,float64,omega,10,PEC,PEC,dipole,,"(128, 128)",GMRES,1e-06,1e-08,50,100,10,10,0,100.00%,3.00,0.00,3,3,184.07,150.10,489,6,0.4140,0.5265,1.6427,0.0002,2.2451,1.0415,3.9868,0.8474,22.4512,23.4912,0,0.5,,,DIPOLE,4.83x
maxwell_003_summary.txt,CPU,Automatic Differentiation,float32,omega,10,PEC,PEC,dipole,,"(128, 128)",GMRES,0.0001,1e-06,50,100,10,7,3,70.00%,17.10,21.54,50,3,441.55,131.82,523,7,0.9503,0.3678,1.2150,0.0002,17.3133,24.6154,56.8890,0.6253,173.1330,174.0999,0,0.5,,,DIPOLE,37.23x
maxwell_007_summary.txt,CPU,Finite Difference,float32,omega,10,PEC,PEC,dipole,,"(128, 128)",GMRES,0.0001,1e-06,50,100,10,8,2,80.00%,12.70,18.67,50,3,4939.82,2205.18,6000,7,11.5765,6.1098,15.5991,0.0002,156.6821,279.4090,715.1236,0.6530,1566.8213,1567.4309,0,0.5,,,DIPOLE,336.93x
maxwell_002_summary.txt,CPU,Automatic Differentiation,float32,omega,10,PEC,PEC,dipole,,"(64, 64)",BICGSTAB,0.0001,1e-06,50,100,10,10,0,100.00%,3.30,0.64,5,3,9.55,12.18,30,0,0.0032,0.0043,0.0120,0.0001,0.0162,0.0186,0.0616,0.0046,0.1620,0.7294,0,0.5,,,DIPOLE,1.00x
maxwell_006_summary.txt,CPU,Finite Difference,float32,omega,10,PEC,PEC,dipole,,"(64, 64)",BICGSTAB,0.0001,1e-06,50,100,10,10,0,100.00%,3.40,0.80,5,3,10.09,12.53,30,0,0.0041,0.0054,0.0143,0.0001,0.0212,0.0253,0.0766,0.0054,0.2117,0.7830,0,0.5,,,DIPOLE,1.31x
maxwell_050_summary.txt,CPU,Automatic Differentiation,float64,omega,10,PEC,PEC,dipole,,"(64, 64)",BICGSTAB,1e-06,1e-08,50,100,10,10,0,100.00%,3.90,1.22,7,3,11.69,12.81,30,0,0.0044,0.0051,0.0138,0.0001,0.0248,0.0293,0.0956,0.0051,0.2476,0.9559,0,0.5,,,DIPOLE,1.53x
maxwell_054_summary.txt,CPU,Finite Difference,float64,omega,10,PEC,PEC,dipole,,"(64, 64)",BICGSTAB,1e-06,1e-08,50,100,10,10,0,100.00%,4.20,1.83,9,3,12.90,13.25,30,0,0.0053,0.0059,0.0145,0.0001,0.0310,0.0406,0.1323,0.0054,0.3100,0.8942,0,0.5,,,DIPOLE,1.91x
maxwell_001_summary.txt,CPU,Automatic Differentiation,float32,omega,10,PEC,PEC,dipole,,"(64, 64)",GMRES,0.0001,1e-06,50,100,10,10,0,100.00%,2.70,0.46,3,2,35.59,84.80,358,1,0.0164,0.0518,0.2342,0.0001,0.0847,0.1652,0.5259,0.0037,0.8472,1.8604,0,0.5,,,DIPOLE,5.23x
maxwell_053_summary.txt,CPU,Finite Difference,float64,omega,10,PEC,PEC,dipole,,"(64, 64)",GMRES,1e-06,1e-08,50,100,10,10,0,100.00%,3.00,0.00,3,3,39.57,84.99,347,1,0.0226,0.0684,0.3100,0.0001,0.1019,0.1564,0.4618,0.0090,1.0190,1.5971,0,0.5,,,DIPOLE,6.29x
maxwell_049_summary.txt,CPU,Automatic Differentiation,float64,omega,10,PEC,PEC,dipole,,"(64, 64)",GMRES,1e-06,1e-08,50,100,10,10,0,100.00%,3.00,0.00,3,3,39.57,84.99,347,1,0.0239,0.0699,0.3227,0.0001,0.1230,0.2044,0.6467,0.0086,1.2301,2.6086,0,0.5,,,DIPOLE,7.59x
maxwell_005_summary.txt,CPU,Finite Difference,float32,omega,10,PEC,PEC,dipole,,"(64, 64)",GMRES,0.0001,1e-06,50,100,10,10,0,100.00%,2.80,0.40,3,2,422.57,1479.57,5817,1,0.3055,1.2798,5.8150,0.0001,1.1708,2.3213,5.9431,0.0078,11.7076,12.3631,0,0.5,,,DIPOLE,72.27x
