File,Hardware,Linearization,Precision,Outer loop,Outer steps,BC on x,BC on y,Simulation,Nu,Grid,Krylov solver,Newton tol,Krylov tol,Newton MaxIt,Krylov MaxIt,Max BT iters,Total Successes,Total Failures,Win Rate,Average - Newton Iters per Outer Step,Std Dev - Newton Iters per Outer Step,Max - Newton Iters per Outer Step,Min - Newton Iters per Outer Step,Average - Krylov Iters per Newton Step,Std Dev - Krylov Iters per Newton Step,Max - Krylov Iters per Newton Step,Min - Krylov Iters per Newton Step,"Average - Time per Newton Iter, s","Std Dev - Time per Newton Iter, s","Max - Time per Newton Iter, s","Min - Time per Newton Iter, s","Average - Time per Outer Step, s","Std Dev - Time per Outer Step, s","Max - Time per Outer Step, s","Min - Time per Outer Step, s",Total Solver Time,Total Wall Time,Severe Failures,Chi,Eps,Diff,Unified_Config,Slowdown
burgers_018_summary.txt,GPU,Automatic Differentiation,float32,time,200,periodic,periodic,TGV,0.01,"(256, 256)",BICGSTAB,0.0001,1e-06,15,100,10,200,0,100.00%,2.91,0.29,3,2,3.05,0.89,4,2,0.0064,0.0062,0.1235,0.0010,0.0208,0.0173,0.2610,0.0103,4.1660,4.7004,0,,,,TGV,1.00x
burgers_084_summary.txt,GPU,Automatic Differentiation,float64,time,200,periodic,periodic,TGV,0.01,"(256, 256)",BICGSTAB,1e-06,1e-08,15,100,10,200,0,100.00%,3.00,0.00,3,3,3.28,0.65,5,2,0.0066,0.0067,0.1399,0.0010,0.0223,0.0190,0.2892,0.0187,4.4578,4.9924,0,,,,TGV,1.07x
burgers_017_summary.txt,GPU,Automatic Differentiation,float32,time,200,periodic,periodic,TGV,0.01,"(256, 256)",GMRES,0.0001,1e-06,15,100,10,200,0,100.00%,2.91,0.29,3,2,1.00,0.00,1,1,0.0100,0.0081,0.1306,0.0010,0.0314,0.0176,0.2730,0.0170,6.2756,6.8068,0,,,,TGV,1.51x
burgers_083_summary.txt,GPU,Automatic Differentiation,float64,time,200,periodic,periodic,TGV,0.01,"(256, 256)",GMRES,1e-06,1e-08,15,100,10,200,0,100.00%,3.00,0.00,3,3,1.00,0.00,1,1,0.0101,0.0084,0.1463,0.0010,0.0328,0.0191,0.3020,0.0310,6.5610,7.0950,0,,,,TGV,1.57x
burgers_087_summary.txt,GPU,Finite Difference,float64,time,200,periodic,periodic,TGV,0.01,"(256, 256)",GMRES,1e-06,1e-08,15,100,10,0,200,0.00%,15.00,0.00,15,15,4.73,1.00,5,1,0.0651,0.0144,0.3350,0.0143,0.9790,0.0383,1.5149,0.9673,195.8095,196.3547,200,,,,TGV,47.00x
burgers_021_summary.txt,GPU,Finite Difference,float32,time,200,periodic,periodic,TGV,0.01,"(256, 256)",GMRES,0.0001,1e-06,15,100,10,0,200,0.00%,15.00,0.00,15,15,5.00,0.00,5,5,0.0679,0.0035,0.1772,0.0568,1.0214,0.0186,1.2774,1.0112,204.2773,204.8142,200,,,,TGV,49.03x
burgers_088_summary.txt,GPU,Finite Difference,float64,time,200,periodic,periodic,TGV,0.01,"(256, 256)",BICGSTAB,1e-06,1e-08,15,100,10,0,200,0.00%,15.00,0.00,15,15,93.79,23.25,100,2,0.1552,0.0377,0.3267,0.0096,2.3305,0.0456,2.7327,2.2738,466.1048,466.6276,200,,,,TGV,111.88x
burgers_022_summary.txt,GPU,Finite Difference,float32,time,200,periodic,periodic,TGV,0.01,"(256, 256)",BICGSTAB,0.0001,1e-06,15,100,10,0,200,0.00%,15.00,0.00,15,15,97.65,11.34,100,10,0.1681,0.0201,0.2348,0.0195,2.5242,0.0476,2.7744,2.4253,504.8357,505.3719,200,,,,TGV,121.18x
burgers_020_summary.txt,GPU,Automatic Differentiation,float32,time,200,periodic,periodic,TGV,0.01,"(512, 512)",BICGSTAB,0.0001,1e-06,15,100,10,200,0,100.00%,2.00,0.00,2,2,2.00,0.00,2,2,0.0043,0.0080,0.1526,0.0010,0.0120,0.0337,0.4880,0.0094,2.3952,3.0384,0,,,,TGV,1.00x
burgers_086_summary.txt,GPU,Automatic Differentiation,float64,time,200,periodic,periodic,TGV,0.01,"(512, 512)",BICGSTAB,1e-06,1e-08,15,100,10,200,0,100.00%,3.00,0.00,3,3,2.00,0.00,2,2,0.0052,0.0076,0.1782,0.0009,0.0181,0.0246,0.3654,0.0161,3.6183,4.2729,0,,,,TGV,1.51x
burgers_019_summary.txt,GPU,Automatic Differentiation,float32,time,200,periodic,periodic,TGV,0.01,"(512, 512)",GMRES,0.0001,1e-06,15,100,10,200,0,100.00%,2.00,0.00,2,2,1.00,0.00,1,1,0.0080,0.0102,0.1617,0.0010,0.0185,0.0210,0.3149,0.0167,3.7012,4.3600,0,,,,TGV,1.55x
burgers_085_summary.txt,GPU,Automatic Differentiation,float64,time,200,periodic,periodic,TGV,0.01,"(512, 512)",GMRES,1e-06,1e-08,15,100,10,200,0,100.00%,3.00,0.00,3,3,1.00,0.00,1,1,0.0102,0.0096,0.1885,0.0010,0.0332,0.0249,0.3850,0.0311,6.6462,7.3016,0,,,,TGV,2.77x
burgers_089_summary.txt,GPU,Finite Difference,float64,time,200,periodic,periodic,TGV,0.01,"(512, 512)",GMRES,1e-06,1e-08,15,100,10,0,200,0.00%,15.00,0.00,15,15,4.73,1.00,5,1,0.0657,0.0157,0.4728,0.0142,0.9876,0.0581,1.7285,0.9578,197.5152,198.1801,200,,,,TGV,82.46x
burgers_023_summary.txt,GPU,Finite Difference,float32,time,200,periodic,periodic,TGV,0.01,"(512, 512)",GMRES,0.0001,1e-06,15,100,10,0,200,0.00%,15.00,0.00,15,15,5.00,0.00,5,5,0.0680,0.0038,0.2055,0.0568,1.0224,0.0226,1.3356,1.0138,204.4741,205.1231,200,,,,TGV,85.37x
burgers_090_summary.txt,GPU,Finite Difference,float64,time,200,periodic,periodic,TGV,0.01,"(512, 512)",BICGSTAB,1e-06,1e-08,15,100,10,0,200,0.00%,15.00,0.00,15,15,93.47,24.44,100,2,0.1584,0.0405,0.1840,0.0068,2.3789,0.0269,2.7210,2.3518,475.7891,477.1084,200,,,,TGV,198.64x
burgers_024_summary.txt,GPU,Finite Difference,float32,time,200,periodic,periodic,TGV,0.01,"(512, 512)",BICGSTAB,0.0001,1e-06,15,100,10,0,200,0.00%,15.00,0.00,15,15,97.10,12.53,100,13,0.1674,0.0218,0.2215,0.0245,2.5132,0.0784,2.7924,1.8388,502.6394,503.2982,200,,,,TGV,209.85x
burgers_010_summary.txt,GPU,Automatic Differentiation,float32,time,200,periodic,periodic,TGV,0.05,"(256, 256)",BICGSTAB,0.0001,1e-06,15,100,10,200,0,100.00%,2.00,0.00,2,2,2.00,0.00,2,2,0.0043,0.0067,0.1240,0.0010,0.0109,0.0169,0.2496,0.0095,2.1851,2.7291,0,,,,TGV,1.00x
burgers_076_summary.txt,GPU,Automatic Differentiation,float64,time,200,periodic,periodic,TGV,0.05,"(256, 256)",BICGSTAB,1e-06,1e-08,15,100,10,200,0,100.00%,2.00,0.00,2,2,2.00,0.00,2,2,0.0043,0.0073,0.1386,0.0010,0.0109,0.0190,0.2792,0.0094,2.1857,2.7292,0,,,,TGV,1.00x
burgers_080_summary.txt,GPU,Finite Difference,float64,time,200,periodic,periodic,TGV,0.05,"(256, 256)",BICGSTAB,1e-06,1e-08,15,100,10,200,0,100.00%,2.00,0.00,2,2,2.00,0.00,2,2,0.0043,0.0074,0.1389,0.0010,0.0110,0.0189,0.2775,0.0095,2.2002,2.7419,0,,,,TGV,1.01x
burgers_075_summary.txt,GPU,Automatic Differentiation,float64,time,200,periodic,periodic,TGV,0.05,"(256, 256)",GMRES,1e-06,1e-08,15,100,10,200,0,100.00%,2.00,0.00,2,2,1.00,0.00,1,1,0.0080,0.0096,0.1480,0.0010,0.0183,0.0191,0.2874,0.0167,3.6694,4.2120,0,,,,TGV,1.68x
burgers_079_summary.txt,GPU,Finite Difference,float64,time,200,periodic,periodic,TGV,0.05,"(256, 256)",GMRES,1e-06,1e-08,15,100,10,200,0,100.00%,2.00,0.00,2,2,1.00,0.00,1,1,0.0081,0.0096,0.1453,0.0010,0.0185,0.0188,0.2831,0.0169,3.7013,4.2432,0,,,,TGV,1.69x
burgers_009_summary.txt,GPU,Automatic Differentiation,float32,time,200,periodic,periodic,TGV,0.05,"(256, 256)",GMRES,0.0001,1e-06,15,100,10,200,0,100.00%,2.00,0.00,2,2,1.00,0.00,1,1,0.0081,0.0093,0.1351,0.0010,0.0186,0.0173,0.2632,0.0172,3.7173,4.3774,0,,,,TGV,1.70x
burgers_013_summary.txt,GPU,Finite Difference,float32,time,200,periodic,periodic,TGV,0.05,"(256, 256)",GMRES,0.0001,1e-06,15,100,10,0,200,0.00%,15.00,0.00,15,15,5.00,0.00,5,5,0.0690,0.0035,0.1778,0.0577,1.0376,0.0176,1.2809,1.0294,207.5265,208.0694,200,,,,TGV,94.97x
burgers_014_summary.txt,GPU,Finite Difference,float32,time,200,periodic,periodic,TGV,0.05,"(256, 256)",BICGSTAB,0.0001,1e-06,15,100,10,0,200,0.00%,15.00,0.00,15,15,96.59,13.72,100,7,0.1673,0.0239,0.2959,0.0149,2.5125,0.0713,2.6195,2.0756,502.4925,503.0345,200,,,,TGV,229.96x
burgers_078_summary.txt,GPU,Automatic Differentiation,float64,time,200,periodic,periodic,TGV,0.05,"(512, 512)",BICGSTAB,1e-06,1e-08,15,100,10,200,0,100.00%,2.00,0.00,2,2,1.00,0.00,1,1,0.0040,0.0091,0.1785,0.0009,0.0105,0.0248,0.3603,0.0086,2.1099,2.7555,0,,,,TGV,1.00x
burgers_082_summary.txt,GPU,Finite Difference,float64,time,200,periodic,periodic,TGV,0.05,"(512, 512)",BICGSTAB,1e-06,1e-08,15,100,10,200,0,100.00%,2.00,0.00,2,2,1.00,0.00,1,1,0.0040,0.0091,0.1794,0.0010,0.0106,0.0247,0.3596,0.0087,2.1168,2.7599,0,,,,TGV,1.00x
burgers_012_summary.txt,GPU,Automatic Differentiation,float32,time,200,periodic,periodic,TGV,0.05,"(512, 512)",BICGSTAB,0.0001,1e-06,15,100,10,200,0,100.00%,2.00,0.00,2,2,2.00,0.00,2,2,0.0048,0.0082,0.1543,0.0010,0.0120,0.0211,0.3091,0.0104,2.4070,3.0507,0,,,,TGV,1.14x
burgers_077_summary.txt,GPU,Automatic Differentiation,float64,time,200,periodic,periodic,TGV,0.05,"(512, 512)",GMRES,1e-06,1e-08,15,100,10,200,0,100.00%,2.00,0.00,2,2,1.00,0.00,1,1,0.0081,0.0112,0.1873,0.0009,0.0187,0.0247,0.3677,0.0168,3.7478,4.4003,0,,,,TGV,1.78x
burgers_011_summary.txt,GPU,Automatic Differentiation,float32,time,200,periodic,periodic,TGV,0.05,"(512, 512)",GMRES,0.0001,1e-06,15,100,10,200,0,100.00%,2.00,0.00,2,2,1.00,0.00,1,1,0.0082,0.0103,0.1629,0.0010,0.0188,0.0213,0.3188,0.0170,3.7600,4.4094,0,,,,TGV,1.78x
burgers_081_summary.txt,GPU,Finite Difference,float64,time,200,periodic,periodic,TGV,0.05,"(512, 512)",GMRES,1e-06,1e-08,15,100,10,200,0,100.00%,2.00,0.00,2,2,1.00,0.00,1,1,0.0083,0.0113,0.1879,0.0010,0.0191,0.0248,0.3690,0.0171,3.8235,4.4742,0,,,,TGV,1.81x
burgers_015_summary.txt,GPU,Finite Difference,float32,time,200,periodic,periodic,TGV,0.05,"(512, 512)",GMRES,0.0001,1e-06,15,100,10,0,200,0.00%,15.00,0.00,15,15,5.00,0.00,5,5,0.0671,0.0043,0.2058,0.0569,1.0091,0.0226,1.3234,0.9912,201.8244,202.4784,200,,,,TGV,95.66x
burgers_016_summary.txt,GPU,Finite Difference,float32,time,200,periodic,periodic,TGV,0.05,"(512, 512)",BICGSTAB,0.0001,1e-06,15,100,10,0,200,0.00%,15.00,0.00,15,15,96.12,14.63,100,13,0.1645,0.0251,0.2782,0.0243,2.4706,0.0662,2.8295,2.1042,494.1297,494.7783,200,,,,TGV,234.20x
burgers_068_summary.txt,GPU,Automatic Differentiation,float64,time,200,periodic,periodic,TGV,0.1,"(256, 256)",BICGSTAB,1e-06,1e-08,15,100,10,200,0,100.00%,2.00,0.00,2,2,1.00,0.00,1,1,0.0039,0.0072,0.1393,0.0010,0.0102,0.0189,0.2762,0.0087,2.0468,2.5912,0,,,,TGV,1.00x
burgers_072_summary.txt,GPU,Finite Difference,float64,time,200,periodic,periodic,TGV,0.1,"(256, 256)",BICGSTAB,1e-06,1e-08,15,100,10,200,0,100.00%,2.00,0.00,2,2,1.00,0.00,1,1,0.0040,0.0072,0.1371,0.0010,0.0103,0.0189,0.2767,0.0088,2.0674,2.6125,0,,,,TGV,1.01x
burgers_002_summary.txt,GPU,Automatic Differentiation,float32,time,200,periodic,periodic,TGV,0.1,"(256, 256)",BICGSTAB,0.0001,1e-06,15,100,10,200,0,100.00%,2.00,0.00,2,2,2.00,0.00,2,2,0.0045,0.0069,0.1280,0.0010,0.0113,0.0171,0.2524,0.0096,2.2660,2.8247,0,,,,TGV,1.11x
burgers_071_summary.txt,GPU,Finite Difference,float64,time,200,periodic,periodic,TGV,0.1,"(256, 256)",GMRES,1e-06,1e-08,15,100,10,200,0,100.00%,2.00,0.00,2,2,1.00,0.00,1,1,0.0096,0.0277,0.4753,0.0010,0.0216,0.0458,0.6131,0.0171,4.3162,5.3779,0,,,,TGV,2.11x
burgers_067_summary.txt,GPU,Automatic Differentiation,float64,time,200,periodic,periodic,TGV,0.1,"(256, 256)",GMRES,1e-06,1e-08,15,100,10,200,0,100.00%,2.00,0.00,2,2,1.00,0.00,1,1,0.0105,0.0464,0.8923,0.0010,0.0259,0.0969,1.3068,0.0168,5.1887,6.5811,0,,,,TGV,2.54x
burgers_001_summary.txt,GPU,Automatic Differentiation,float32,time,200,periodic,periodic,TGV,0.1,"(256, 256)",GMRES,0.0001,1e-06,15,100,10,200,0,100.00%,2.00,0.00,2,2,1.00,0.00,1,1,0.0110,0.0480,0.9258,0.0010,0.0266,0.0959,1.3094,0.0170,5.3173,18.1118,0,,,,TGV,2.60x
burgers_005_summary.txt,GPU,Finite Difference,float32,time,200,periodic,periodic,TGV,0.1,"(256, 256)",GMRES,0.0001,1e-06,15,100,10,0,200,0.00%,15.00,0.00,15,15,5.00,0.00,5,5,0.0686,0.0098,0.4666,0.0573,1.0316,0.0560,1.7846,1.0155,206.3109,206.9428,200,,,,TGV,100.80x
burgers_006_summary.txt,GPU,Finite Difference,float32,time,200,periodic,periodic,TGV,0.1,"(256, 256)",BICGSTAB,0.0001,1e-06,15,100,10,0,200,0.00%,15.00,0.00,15,15,96.01,15.01,100,15,0.1665,0.0260,0.1959,0.0281,2.4992,0.0603,2.7716,2.0014,499.8471,500.3887,196,,,,TGV,244.21x
burgers_074_summary.txt,GPU,Finite Difference,float64,time,200,periodic,periodic,TGV,0.1,"(512, 512)",BICGSTAB,1e-06,1e-08,15,100,10,200,0,100.00%,2.00,0.00,2,2,1.00,0.00,1,1,0.0040,0.0092,0.1798,0.0010,0.0107,0.0250,0.3630,0.0087,2.1341,2.7892,0,,,,TGV,1.00x
burgers_070_summary.txt,GPU,Automatic Differentiation,float64,time,200,periodic,periodic,TGV,0.1,"(512, 512)",BICGSTAB,1e-06,1e-08,15,100,10,200,0,100.00%,2.00,0.00,2,2,1.00,0.00,1,1,0.0040,0.0092,0.1796,0.0010,0.0107,0.0247,0.3588,0.0088,2.1387,2.7912,0,,,,TGV,1.00x
burgers_004_summary.txt,GPU,Automatic Differentiation,float32,time,200,periodic,periodic,TGV,0.1,"(512, 512)",BICGSTAB,0.0001,1e-06,15,100,10,200,0,100.00%,2.00,0.00,2,2,2.00,0.00,2,2,0.0049,0.0082,0.1541,0.0010,0.0123,0.0209,0.3072,0.0103,2.4568,3.1025,0,,,,TGV,1.15x
burgers_073_summary.txt,GPU,Finite Difference,float64,time,200,periodic,periodic,TGV,0.1,"(512, 512)",GMRES,1e-06,1e-08,15,100,10,200,0,100.00%,2.00,0.00,2,2,1.00,0.00,1,1,0.0104,0.0388,0.6588,0.0010,0.0235,0.0644,0.8406,0.0172,4.6931,5.3471,0,,,,TGV,2.20x
burgers_003_summary.txt,GPU,Automatic Differentiation,float32,time,200,periodic,periodic,TGV,0.1,"(512, 512)",GMRES,0.0001,1e-06,15,100,10,200,0,100.00%,2.00,0.00,2,2,1.00,0.00,1,1,0.0110,0.0495,0.9325,0.0010,0.0258,0.0911,1.2446,0.0170,5.1521,6.5482,0,,,,TGV,2.41x
burgers_069_summary.txt,GPU,Automatic Differentiation,float64,time,200,periodic,periodic,TGV,0.1,"(512, 512)",GMRES,1e-06,1e-08,15,100,10,200,0,100.00%,2.00,0.00,2,2,1.00,0.00,1,1,0.0113,0.0567,1.0704,0.0009,0.0266,0.1046,1.4171,0.0169,5.3273,7.0194,0,,,,TGV,2.50x
burgers_007_summary.txt,GPU,Finite Difference,float32,time,200,periodic,periodic,TGV,0.1,"(512, 512)",GMRES,0.0001,1e-06,15,100,10,0,200,0.00%,15.00,0.00,15,15,5.00,0.00,5,5,0.0692,0.0132,0.6024,0.0577,1.0410,0.0750,2.0584,0.9868,208.1982,208.8512,200,,,,TGV,97.56x
burgers_008_summary.txt,GPU,Finite Difference,float32,time,200,periodic,periodic,TGV,0.1,"(512, 512)",BICGSTAB,0.0001,1e-06,15,100,10,0,200,0.00%,15.00,0.00,15,15,96.02,15.48,100,11,0.1669,0.0268,0.1837,0.0220,2.5060,0.0616,2.7184,2.0564,501.1988,501.8470,200,,,,TGV,234.85x
burgers_060_summary.txt,GPU,Automatic Differentiation,float32,time,200,periodic,periodic,4VC,0.01,"(256, 256)",BICGSTAB,0.0001,1e-06,15,100,10,200,0,100.00%,2.00,0.00,2,2,2.00,0.00,2,2,0.0042,0.0067,0.1249,0.0009,0.0108,0.0170,0.2512,0.0093,2.1535,2.6627,0,,,,4VC,1.00x
burgers_132_summary.txt,GPU,Automatic Differentiation,float64,time,200,periodic,periodic,4VC,0.01,"(256, 256)",BICGSTAB,1e-06,1e-08,15,100,10,200,0,100.00%,2.60,0.49,3,2,2.01,0.10,3,2,0.0051,0.0066,0.1379,0.0010,0.0158,0.0196,0.2875,0.0095,3.1525,3.6673,0,,,,4VC,1.46x
burgers_059_summary.txt,GPU,Automatic Differentiation,float32,time,200,periodic,periodic,4VC,0.01,"(256, 256)",GMRES,0.0001,1e-06,15,100,10,200,0,100.00%,2.00,0.00,2,2,1.00,0.00,1,1,0.0080,0.0091,0.1315,0.0009,0.0183,0.0170,0.2577,0.0164,3.6625,4.1697,0,,,,4VC,1.70x
burgers_131_summary.txt,GPU,Automatic Differentiation,float64,time,200,periodic,periodic,4VC,0.01,"(256, 256)",GMRES,1e-06,1e-08,15,100,10,200,0,100.00%,2.60,0.49,3,2,1.00,0.00,1,1,0.0097,0.0089,0.1455,0.0010,0.0276,0.0207,0.3011,0.0172,5.5149,6.0297,0,,,,4VC,2.56x
burgers_063_summary.txt,GPU,Finite Difference,float32,time,200,periodic,periodic,4VC,0.01,"(256, 256)",GMRES,0.0001,1e-06,15,100,10,200,0,100.00%,2.00,0.00,2,2,5.00,0.00,5,5,0.0294,0.0290,0.1761,0.0010,0.0611,0.0170,0.3004,0.0592,12.2264,12.7361,0,,,,4VC,5.68x
burgers_135_summary.txt,GPU,Finite Difference,float64,time,200,periodic,periodic,4VC,0.01,"(256, 256)",GMRES,1e-06,1e-08,15,100,10,0,200,0.00%,15.00,0.00,15,15,4.73,1.00,5,1,0.0652,0.0136,0.1446,0.0145,0.9802,0.0201,1.2506,0.9633,196.0350,196.5513,200,,,,4VC,91.03x
burgers_136_summary.txt,GPU,Finite Difference,float64,time,200,periodic,periodic,4VC,0.01,"(256, 256)",BICGSTAB,1e-06,1e-08,15,100,10,0,200,0.00%,15.00,0.00,15,15,93.80,23.20,100,2,0.1593,0.0384,0.1794,0.0149,2.3925,0.0336,2.6895,2.3311,478.5026,479.0105,200,,,,4VC,222.20x
burgers_064_summary.txt,GPU,Finite Difference,float32,time,200,periodic,periodic,4VC,0.01,"(256, 256)",BICGSTAB,0.0001,1e-06,15,100,10,0,200,0.00%,15.00,0.00,15,15,97.34,13.80,100,1,0.1644,0.0228,0.3410,0.0067,2.4690,0.1510,2.6740,0.7828,493.7957,494.2832,0,,,,4VC,229.30x
burgers_134_summary.txt,GPU,Automatic Differentiation,float64,time,200,periodic,periodic,4VC,0.01,"(512, 512)",BICGSTAB,1e-06,1e-08,15,100,10,200,0,100.00%,2.00,0.00,2,2,1.19,0.39,2,1,0.0041,0.0091,0.1779,0.0010,0.0108,0.0247,0.3595,0.0087,2.1650,2.7846,0,,,,4VC,1.00x
burgers_138_summary.txt,GPU,Finite Difference,float64,time,200,periodic,periodic,4VC,0.01,"(512, 512)",BICGSTAB,1e-06,1e-08,15,100,10,200,0,100.00%,2.00,0.00,2,2,1.27,0.45,2,1,0.0041,0.0091,0.1775,0.0010,0.0108,0.0245,0.3566,0.0088,2.1696,2.7808,0,,,,4VC,1.00x
burgers_062_summary.txt,GPU,Automatic Differentiation,float32,time,200,periodic,periodic,4VC,0.01,"(512, 512)",BICGSTAB,0.0001,1e-06,15,100,10,200,0,100.00%,2.00,0.00,2,2,2.00,0.00,2,2,0.0043,0.0082,0.1567,0.0010,0.0112,0.0214,0.3130,0.0095,2.2315,2.8551,0,,,,4VC,1.03x
burgers_061_summary.txt,GPU,Automatic Differentiation,float32,time,200,periodic,periodic,4VC,0.01,"(512, 512)",GMRES,0.0001,1e-06,15,100,10,200,0,100.00%,2.00,0.00,2,2,1.00,0.00,1,1,0.0081,0.0102,0.1631,0.0010,0.0186,0.0213,0.3184,0.0168,3.7200,4.3449,0,,,,4VC,1.72x
burgers_133_summary.txt,GPU,Automatic Differentiation,float64,time,200,periodic,periodic,4VC,0.01,"(512, 512)",GMRES,1e-06,1e-08,15,100,10,200,0,100.00%,2.00,0.00,2,2,1.00,0.00,1,1,0.0083,0.0113,0.1891,0.0010,0.0191,0.0248,0.3690,0.0170,3.8216,4.4440,0,,,,4VC,1.77x
burgers_137_summary.txt,GPU,Finite Difference,float64,time,200,periodic,periodic,4VC,0.01,"(512, 512)",GMRES,1e-06,1e-08,15,100,10,200,0,100.00%,2.00,0.00,2,2,1.00,0.00,1,1,0.0083,0.0112,0.1868,0.0010,0.0191,0.0248,0.3695,0.0171,3.8270,4.4428,0,,,,4VC,1.77x
burgers_065_summary.txt,GPU,Finite Difference,float32,time,200,periodic,periodic,4VC,0.01,"(512, 512)",GMRES,0.0001,1e-06,15,100,10,200,0,100.00%,2.00,0.00,2,2,5.00,0.00,5,5,0.0296,0.0296,0.2079,0.0010,0.0617,0.0214,0.3632,0.0598,12.3416,12.9651,0,,,,4VC,5.70x
burgers_066_summary.txt,GPU,Finite Difference,float32,time,200,periodic,periodic,4VC,0.01,"(512, 512)",BICGSTAB,0.0001,1e-06,15,100,10,0,200,0.00%,15.00,0.00,15,15,96.10,15.39,100,9,0.1654,0.0266,0.3125,0.0181,2.4833,0.0602,2.8723,2.1532,496.6525,497.2730,200,,,,4VC,229.40x
burgers_052_summary.txt,GPU,Automatic Differentiation,float32,time,200,periodic,periodic,4VC,0.05,"(256, 256)",BICGSTAB,0.0001,1e-06,15,100,10,200,0,100.00%,2.00,0.00,2,2,2.00,0.00,2,2,0.0042,0.0067,0.1243,0.0010,0.0108,0.0168,0.2474,0.0094,2.1547,2.6626,0,,,,4VC,1.00x
burgers_124_summary.txt,GPU,Automatic Differentiation,float64,time,200,periodic,periodic,4VC,0.05,"(256, 256)",BICGSTAB,1e-06,1e-08,15,100,10,200,0,100.00%,2.00,0.00,2,2,1.84,0.37,2,1,0.0043,0.0072,0.1355,0.0010,0.0109,0.0186,0.2734,0.0088,2.1878,2.7010,0,,,,4VC,1.02x
burgers_128_summary.txt,GPU,Finite Difference,float64,time,200,periodic,periodic,4VC,0.05,"(256, 256)",BICGSTAB,1e-06,1e-08,15,100,10,200,0,100.00%,2.00,0.00,2,2,1.86,0.34,2,1,0.0044,0.0073,0.1369,0.0010,0.0112,0.0189,0.2778,0.0089,2.2391,2.7553,0,,,,4VC,1.04x
burgers_051_summary.txt,GPU,Automatic Differentiation,float32,time,200,periodic,periodic,4VC,0.05,"(256, 256)",GMRES,0.0001,1e-06,15,100,10,200,0,100.00%,2.00,0.00,2,2,1.00,0.00,1,1,0.0080,0.0091,0.1319,0.0010,0.0182,0.0167,0.2538,0.0168,3.6385,4.1467,0,,,,4VC,1.69x
burgers_123_summary.txt,GPU,Automatic Differentiation,float64,time,200,periodic,periodic,4VC,0.05,"(256, 256)",GMRES,1e-06,1e-08,15,100,10,200,0,100.00%,2.00,0.00,2,2,1.00,0.00,1,1,0.0081,0.0096,0.1460,0.0010,0.0186,0.0189,0.2847,0.0170,3.7187,4.2312,0,,,,4VC,1.73x
burgers_127_summary.txt,GPU,Finite Difference,float64,time,200,periodic,periodic,4VC,0.05,"(256, 256)",GMRES,1e-06,1e-08,15,100,10,200,0,100.00%,2.00,0.00,2,2,1.00,0.00,1,1,0.0083,0.0098,0.1457,0.0010,0.0190,0.0189,0.2861,0.0172,3.8084,4.3233,0,,,,4VC,1.77x
burgers_055_summary.txt,GPU,Finite Difference,float32,time,200,periodic,periodic,4VC,0.05,"(256, 256)",GMRES,0.0001,1e-06,15,100,10,200,0,100.00%,2.00,0.00,2,2,5.00,0.00,5,5,0.0293,0.0288,0.1714,0.0010,0.0608,0.0165,0.2941,0.0592,12.1682,12.6761,0,,,,4VC,5.65x
burgers_056_summary.txt,GPU,Finite Difference,float32,time,200,periodic,periodic,4VC,0.05,"(256, 256)",BICGSTAB,0.0001,1e-06,15,100,10,2,198,1.00%,14.87,1.29,15,2,95.94,16.06,100,8,0.1645,0.0277,0.2382,0.0010,2.4481,0.2495,2.7609,0.0253,489.6157,490.5485,198,,,,4VC,227.23x
burgers_130_summary.txt,GPU,Finite Difference,float64,time,200,periodic,periodic,4VC,0.05,"(512, 512)",BICGSTAB,1e-06,1e-08,15,100,10,200,0,100.00%,2.00,0.00,2,2,1.00,0.00,1,1,0.0041,0.0091,0.1789,0.0010,0.0108,0.0247,0.3594,0.0088,2.1553,2.7669,0,,,,4VC,1.00x
burgers_126_summary.txt,GPU,Automatic Differentiation,float64,time,200,periodic,periodic,4VC,0.05,"(512, 512)",BICGSTAB,1e-06,1e-08,15,100,10,200,0,100.00%,2.00,0.00,2,2,1.00,0.00,1,1,0.0041,0.0091,0.1782,0.0010,0.0108,0.0246,0.3573,0.0089,2.1650,2.7893,0,,,,4VC,1.00x
burgers_054_summary.txt,GPU,Automatic Differentiation,float32,time,200,periodic,periodic,4VC,0.05,"(512, 512)",BICGSTAB,0.0001,1e-06,15,100,10,200,0,100.00%,2.00,0.00,2,2,2.00,0.00,2,2,0.0047,0.0081,0.1520,0.0010,0.0119,0.0209,0.3064,0.0102,2.3709,2.9784,0,,,,4VC,1.10x
burgers_053_summary.txt,GPU,Automatic Differentiation,float32,time,200,periodic,periodic,4VC,0.05,"(512, 512)",GMRES,0.0001,1e-06,15,100,10,200,0,100.00%,2.00,0.00,2,2,1.00,0.00,1,1,0.0080,0.0100,0.1585,0.0010,0.0184,0.0209,0.3133,0.0167,3.6866,4.2971,0,,,,4VC,1.71x
burgers_125_summary.txt,GPU,Automatic Differentiation,float64,time,200,periodic,periodic,4VC,0.05,"(512, 512)",GMRES,1e-06,1e-08,15,100,10,200,0,100.00%,2.00,0.00,2,2,1.00,0.00,1,1,0.0083,0.0113,0.1875,0.0010,0.0191,0.0249,0.3703,0.0172,3.8241,4.4464,0,,,,4VC,1.77x
burgers_129_summary.txt,GPU,Finite Difference,float64,time,200,periodic,periodic,4VC,0.05,"(512, 512)",GMRES,1e-06,1e-08,15,100,10,200,0,100.00%,2.00,0.00,2,2,1.00,0.00,1,1,0.0084,0.0114,0.1895,0.0010,0.0193,0.0249,0.3711,0.0173,3.8668,4.4910,0,,,,4VC,1.79x
burgers_057_summary.txt,GPU,Finite Difference,float32,time,200,periodic,periodic,4VC,0.05,"(512, 512)",GMRES,0.0001,1e-06,15,100,10,200,0,100.00%,2.00,0.00,2,2,5.00,0.00,5,5,0.0295,0.0294,0.2045,0.0010,0.0614,0.0211,0.3591,0.0594,12.2705,12.8856,0,,,,4VC,5.69x
burgers_058_summary.txt,GPU,Finite Difference,float32,time,200,periodic,periodic,4VC,0.05,"(512, 512)",BICGSTAB,0.0001,1e-06,15,100,10,0,200,0.00%,15.00,0.00,15,15,95.52,17.18,100,6,0.1635,0.0291,0.1844,0.0134,2.4557,0.0510,2.7599,2.2742,491.1409,491.7545,183,,,,4VC,227.88x
burgers_116_summary.txt,GPU,Automatic Differentiation,float64,time,200,periodic,periodic,4VC,0.1,"(256, 256)",BICGSTAB,1e-06,1e-08,15,100,10,200,0,100.00%,2.00,0.00,2,2,1.33,0.47,2,1,0.0041,0.0072,0.1382,0.0010,0.0106,0.0189,0.2776,0.0088,2.1112,2.6273,0,,,,4VC,1.00x
burgers_120_summary.txt,GPU,Finite Difference,float64,time,200,periodic,periodic,4VC,0.1,"(256, 256)",BICGSTAB,1e-06,1e-08,15,100,10,200,0,100.00%,2.00,0.00,2,2,1.37,0.48,2,1,0.0041,0.0073,0.1397,0.0010,0.0106,0.0189,0.2773,0.0088,2.1264,2.6427,0,,,,4VC,1.01x
burgers_044_summary.txt,GPU,Automatic Differentiation,float32,time,200,periodic,periodic,4VC,0.1,"(256, 256)",BICGSTAB,0.0001,1e-06,15,100,10,200,0,100.00%,2.00,0.00,2,2,2.00,0.00,2,2,0.0042,0.0066,0.1222,0.0010,0.0107,0.0166,0.2449,0.0094,2.1485,2.6585,0,,,,4VC,1.02x
burgers_043_summary.txt,GPU,Automatic Differentiation,float32,time,200,periodic,periodic,4VC,0.1,"(256, 256)",GMRES,0.0001,1e-06,15,100,10,200,0,100.00%,2.00,0.00,2,2,1.00,0.00,1,1,0.0080,0.0090,0.1298,0.0010,0.0182,0.0166,0.2524,0.0168,3.6420,4.2576,0,,,,4VC,1.73x
burgers_115_summary.txt,GPU,Automatic Differentiation,float64,time,200,periodic,periodic,4VC,0.1,"(256, 256)",GMRES,1e-06,1e-08,15,100,10,200,0,100.00%,2.00,0.00,2,2,1.00,0.00,1,1,0.0081,0.0096,0.1461,0.0010,0.0186,0.0188,0.2838,0.0170,3.7214,4.3546,0,,,,4VC,1.76x
burgers_119_summary.txt,GPU,Finite Difference,float64,time,200,periodic,periodic,4VC,0.1,"(256, 256)",GMRES,1e-06,1e-08,15,100,10,200,0,100.00%,2.00,0.00,2,2,1.00,0.00,1,1,0.0082,0.0097,0.1473,0.0010,0.0187,0.0188,0.2836,0.0171,3.7382,4.2511,0,,,,4VC,1.77x
burgers_047_summary.txt,GPU,Finite Difference,float32,time,200,periodic,periodic,4VC,0.1,"(256, 256)",GMRES,0.0001,1e-06,15,100,10,200,0,100.00%,2.00,0.00,2,2,5.00,0.00,5,5,0.0294,0.0290,0.1726,0.0010,0.0611,0.0166,0.2947,0.0595,12.2283,12.7353,0,,,,4VC,5.79x
burgers_048_summary.txt,GPU,Finite Difference,float32,time,200,periodic,periodic,4VC,0.1,"(256, 256)",BICGSTAB,0.0001,1e-06,15,100,10,4,196,2.00%,14.74,1.82,15,2,95.40,17.34,100,8,0.1639,0.0301,0.1787,0.0010,2.4185,0.3440,2.7071,0.0237,483.6991,484.2046,196,,,,4VC,229.11x
burgers_118_summary.txt,GPU,Automatic Differentiation,float64,time,200,periodic,periodic,4VC,0.1,"(512, 512)",BICGSTAB,1e-06,1e-08,15,100,10,200,0,100.00%,2.00,0.00,2,2,1.00,0.00,1,1,0.0040,0.0090,0.1772,0.0010,0.0106,0.0244,0.3547,0.0087,2.1254,2.7521,0,,,,4VC,1.00x
burgers_122_summary.txt,GPU,Finite Difference,float64,time,200,periodic,periodic,4VC,0.1,"(512, 512)",BICGSTAB,1e-06,1e-08,15,100,10,200,0,100.00%,2.00,0.00,2,2,1.00,0.00,1,1,0.0041,0.0090,0.1771,0.0009,0.0107,0.0246,0.3575,0.0088,2.1494,2.7710,0,,,,4VC,1.01x
burgers_046_summary.txt,GPU,Automatic Differentiation,float32,time,200,periodic,periodic,4VC,0.1,"(512, 512)",BICGSTAB,0.0001,1e-06,15,100,10,200,0,100.00%,2.00,0.00,2,2,2.00,0.00,2,2,0.0047,0.0081,0.1527,0.0010,0.0119,0.0207,0.3039,0.0102,2.3766,2.9914,0,,,,4VC,1.12x
burgers_045_summary.txt,GPU,Automatic Differentiation,float32,time,200,periodic,periodic,4VC,0.1,"(512, 512)",GMRES,0.0001,1e-06,15,100,10,200,0,100.00%,2.00,0.00,2,2,1.00,0.00,1,1,0.0080,0.0100,0.1582,0.0010,0.0184,0.0207,0.3098,0.0168,3.6893,4.4090,0,,,,4VC,1.74x
burgers_117_summary.txt,GPU,Automatic Differentiation,float64,time,200,periodic,periodic,4VC,0.1,"(512, 512)",GMRES,1e-06,1e-08,15,100,10,200,0,100.00%,2.00,0.00,2,2,1.00,0.00,1,1,0.0082,0.0112,0.1870,0.0010,0.0190,0.0245,0.3649,0.0169,3.8044,4.5525,0,,,,4VC,1.79x
burgers_121_summary.txt,GPU,Finite Difference,float64,time,200,periodic,periodic,4VC,0.1,"(512, 512)",GMRES,1e-06,1e-08,15,100,10,200,0,100.00%,2.00,0.00,2,2,1.00,0.00,1,1,0.0083,0.0112,0.1860,0.0010,0.0192,0.0245,0.3652,0.0172,3.8376,4.4619,0,,,,4VC,1.81x
burgers_049_summary.txt,GPU,Finite Difference,float32,time,200,periodic,periodic,4VC,0.1,"(512, 512)",GMRES,0.0001,1e-06,15,100,10,200,0,100.00%,2.00,0.00,2,2,5.00,0.00,5,5,0.0295,0.0294,0.2015,0.0010,0.0615,0.0207,0.3538,0.0595,12.3038,12.9112,0,,,,4VC,5.79x
burgers_050_summary.txt,GPU,Finite Difference,float32,time,200,periodic,periodic,4VC,0.1,"(512, 512)",BICGSTAB,0.0001,1e-06,15,100,10,0,200,0.00%,15.00,0.00,15,15,95.06,18.25,100,0,0.1623,0.0307,0.4577,0.0144,2.4379,0.1807,2.8543,0.3708,487.5823,488.1720,0,,,,4VC,229.41x
burgers_038_summary.txt,GPU,Automatic Differentiation,float32,time,200,periodic,periodic,DSL,0.01,"(256, 256)",BICGSTAB,0.0001,1e-06,15,100,10,200,0,100.00%,2.02,0.14,3,2,2.31,0.48,4,2,0.0048,0.0069,0.1237,0.0010,0.0120,0.0175,0.2582,0.0102,2.3967,2.8513,0,,,,DSL,1.00x
burgers_037_summary.txt,GPU,Automatic Differentiation,float32,time,200,periodic,periodic,DSL,0.01,"(256, 256)",GMRES,0.0001,1e-06,15,100,10,200,0,100.00%,2.02,0.14,3,2,1.00,0.00,1,1,0.0080,0.0089,0.1276,0.0010,0.0185,0.0176,0.2656,0.0168,3.7025,4.1567,0,,,,DSL,1.54x
burgers_108_summary.txt,GPU,Automatic Differentiation,float64,time,200,periodic,periodic,DSL,0.01,"(256, 256)",BICGSTAB,1e-06,1e-08,15,100,10,200,0,100.00%,3.00,0.00,3,3,2.67,0.60,4,2,0.0060,0.0065,0.1395,0.0010,0.0204,0.0192,0.2901,0.0178,4.0705,4.5256,0,,,,DSL,1.70x
burgers_107_summary.txt,GPU,Automatic Differentiation,float64,time,200,periodic,periodic,DSL,0.01,"(256, 256)",GMRES,1e-06,1e-08,15,100,10,200,0,100.00%,3.00,0.00,3,3,1.00,0.00,1,1,0.0101,0.0083,0.1453,0.0010,0.0326,0.0190,0.3000,0.0309,6.5177,6.9694,0,,,,DSL,2.72x
burgers_111_summary.txt,GPU,Finite Difference,float64,time,200,periodic,periodic,DSL,0.01,"(256, 256)",GMRES,1e-06,1e-08,15,100,10,0,200,0.00%,15.00,0.00,15,15,4.73,1.00,5,1,0.0651,0.0136,0.1463,0.0143,0.9787,0.0199,1.2549,0.9701,195.7315,196.1744,200,,,,DSL,81.67x
burgers_041_summary.txt,GPU,Finite Difference,float32,time,200,periodic,periodic,DSL,0.01,"(256, 256)",GMRES,0.0001,1e-06,15,100,10,0,200,0.00%,15.00,0.00,15,15,5.00,0.00,5,5,0.0681,0.0035,0.1738,0.0567,1.0235,0.0178,1.2650,1.0112,204.6966,205.1464,200,,,,DSL,85.41x
burgers_112_summary.txt,GPU,Finite Difference,float64,time,200,periodic,periodic,DSL,0.01,"(256, 256)",BICGSTAB,1e-06,1e-08,15,100,10,0,200,0.00%,15.00,0.00,15,15,93.56,24.11,100,3,0.1548,0.0390,0.1767,0.0088,2.3248,0.0456,2.6984,2.2901,464.9566,465.4209,200,,,,DSL,194.00x
burgers_040_summary.txt,GPU,Automatic Differentiation,float32,time,200,periodic,periodic,DSL,0.01,"(512, 512)",BICGSTAB,0.0001,1e-06,15,100,10,200,0,100.00%,2.00,0.00,2,2,2.08,0.26,3,2,0.0045,0.0081,0.1531,0.0010,0.0115,0.0210,0.3071,0.0093,2.2955,2.8437,0,,,,DSL,1.00x
burgers_110_summary.txt,GPU,Automatic Differentiation,float64,time,200,periodic,periodic,DSL,0.01,"(512, 512)",BICGSTAB,1e-06,1e-08,15,100,10,200,0,100.00%,2.27,0.45,3,2,2.36,0.58,4,2,0.0051,0.0090,0.1832,0.0010,0.0142,0.0262,0.3774,0.0094,2.8433,3.4030,0,,,,DSL,1.24x
burgers_039_summary.txt,GPU,Automatic Differentiation,float32,time,200,periodic,periodic,DSL,0.01,"(512, 512)",GMRES,0.0001,1e-06,15,100,10,200,0,100.00%,2.00,0.00,2,2,1.00,0.00,1,1,0.0080,0.0101,0.1603,0.0010,0.0184,0.0209,0.3138,0.0167,3.6857,4.2337,0,,,,DSL,1.61x
burgers_109_summary.txt,GPU,Automatic Differentiation,float64,time,200,periodic,periodic,DSL,0.01,"(512, 512)",GMRES,1e-06,1e-08,15,100,10,200,0,100.00%,2.27,0.45,3,2,1.00,0.00,1,1,0.0088,0.0107,0.1891,0.0009,0.0226,0.0264,0.3843,0.0167,4.5157,5.0729,0,,,,DSL,1.97x
burgers_113_summary.txt,GPU,Finite Difference,float64,time,200,periodic,periodic,DSL,0.01,"(512, 512)",GMRES,1e-06,1e-08,15,100,10,0,200,0.00%,15.00,0.00,15,15,4.73,1.00,5,1,0.0656,0.0204,0.8959,0.0144,0.9874,0.0639,1.8130,0.9748,197.4702,198.0211,200,,,,DSL,86.02x
burgers_042_summary.txt,GPU,Finite Difference,float32,time,200,periodic,periodic,DSL,0.01,"(512, 512)",GMRES,0.0001,1e-06,15,100,10,0,200,0.00%,15.00,0.00,15,15,5.00,0.00,5,5,0.0679,0.0038,0.2058,0.0567,1.0208,0.0219,1.3253,1.0130,204.1637,204.7181,200,,,,DSL,88.94x
burgers_114_summary.txt,GPU,Finite Difference,float64,time,200,periodic,periodic,DSL,0.01,"(512, 512)",BICGSTAB,1e-06,1e-08,15,100,10,0,200,0.00%,15.00,0.00,15,15,93.55,24.15,100,3,0.1615,0.0407,0.1846,0.0084,2.4244,0.0280,2.7794,2.4027,484.8844,485.4352,200,,,,DSL,211.23x
burgers_032_summary.txt,GPU,Automatic Differentiation,float32,time,200,periodic,periodic,DSL,0.05,"(256, 256)",BICGSTAB,0.0001,1e-06,15,100,10,200,0,100.00%,2.00,0.00,2,2,2.09,0.29,3,2,0.0044,0.0069,0.1278,0.0010,0.0111,0.0171,0.2528,0.0094,2.2130,2.6591,0,,,,DSL,1.00x
burgers_100_summary.txt,GPU,Automatic Differentiation,float64,time,200,periodic,periodic,DSL,0.05,"(256, 256)",BICGSTAB,1e-06,1e-08,15,100,10,200,0,100.00%,2.08,0.28,3,2,2.33,0.68,4,2,0.0048,0.0075,0.1415,0.0010,0.0123,0.0202,0.2921,0.0094,2.4598,2.9084,0,,,,DSL,1.11x
burgers_031_summary.txt,GPU,Automatic Differentiation,float32,time,200,periodic,periodic,DSL,0.05,"(256, 256)",GMRES,0.0001,1e-06,15,100,10,200,0,100.00%,2.00,0.00,2,2,1.00,0.00,1,1,0.0080,0.0091,0.1313,0.0010,0.0183,0.0168,0.2548,0.0168,3.6537,4.0993,0,,,,DSL,1.65x
burgers_099_summary.txt,GPU,Automatic Differentiation,float64,time,200,periodic,periodic,DSL,0.05,"(256, 256)",GMRES,1e-06,1e-08,15,100,10,200,0,100.00%,2.08,0.28,3,2,1.00,0.00,1,1,0.0082,0.0094,0.1457,0.0010,0.0195,0.0203,0.3003,0.0167,3.9020,4.3500,0,,,,DSL,1.76x
burgers_104_summary.txt,GPU,Finite Difference,float64,time,200,periodic,periodic,DSL,0.05,"(256, 256)",BICGSTAB,1e-06,1e-08,15,100,10,194,6,97.00%,2.39,2.22,15,2,31.09,44.66,100,2,0.0341,0.0646,0.1772,0.0010,0.0840,0.4219,2.7111,0.0094,16.7926,17.2407,6,,,,DSL,7.59x
burgers_103_summary.txt,GPU,Finite Difference,float64,time,200,periodic,periodic,DSL,0.05,"(256, 256)",GMRES,1e-06,1e-08,15,100,10,171,29,85.50%,3.88,4.58,15,2,3.68,1.88,5,1,0.0399,0.0306,0.1456,0.0010,0.1574,0.3410,1.2541,0.0169,31.4786,31.9263,29,,,,DSL,14.22x
burgers_035_summary.txt,GPU,Finite Difference,float32,time,200,periodic,periodic,DSL,0.05,"(256, 256)",GMRES,0.0001,1e-06,15,100,10,0,200,0.00%,15.00,0.00,15,15,5.00,0.00,5,5,0.0679,0.0035,0.1755,0.0566,1.0201,0.0177,1.2630,1.0112,204.0142,204.4553,200,,,,DSL,92.19x
burgers_034_summary.txt,GPU,Automatic Differentiation,float32,time,200,periodic,periodic,DSL,0.05,"(512, 512)",BICGSTAB,0.0001,1e-06,15,100,10,200,0,100.00%,2.00,0.00,2,2,2.07,0.26,3,2,0.0044,0.0080,0.1516,0.0010,0.0113,0.0207,0.3035,0.0094,2.2538,2.7969,0,,,,DSL,1.00x
burgers_102_summary.txt,GPU,Automatic Differentiation,float64,time,200,periodic,periodic,DSL,0.05,"(512, 512)",BICGSTAB,1e-06,1e-08,15,100,10,200,0,100.00%,2.00,0.00,2,2,2.13,0.39,4,2,0.0045,0.0094,0.1821,0.0010,0.0116,0.0248,0.3613,0.0093,2.3294,2.8920,0,,,,DSL,1.03x
burgers_106_summary.txt,GPU,Finite Difference,float64,time,200,periodic,periodic,DSL,0.05,"(512, 512)",BICGSTAB,1e-06,1e-08,15,100,10,200,0,100.00%,2.00,0.00,2,2,2.13,0.39,4,2,0.0046,0.0094,0.1813,0.0010,0.0118,0.0247,0.3605,0.0095,2.3599,2.9123,0,,,,DSL,1.05x
burgers_033_summary.txt,GPU,Automatic Differentiation,float32,time,200,periodic,periodic,DSL,0.05,"(512, 512)",GMRES,0.0001,1e-06,15,100,10,200,0,100.00%,2.00,0.00,2,2,1.00,0.00,1,1,0.0080,0.0101,0.1609,0.0010,0.0184,0.0209,0.3131,0.0167,3.6889,4.2363,0,,,,DSL,1.64x
burgers_101_summary.txt,GPU,Automatic Differentiation,float64,time,200,periodic,periodic,DSL,0.05,"(512, 512)",GMRES,1e-06,1e-08,15,100,10,200,0,100.00%,2.00,0.00,2,2,1.00,0.00,1,1,0.0081,0.0112,0.1866,0.0010,0.0188,0.0248,0.3684,0.0169,3.7679,4.3274,0,,,,DSL,1.67x
burgers_105_summary.txt,GPU,Finite Difference,float64,time,200,periodic,periodic,DSL,0.05,"(512, 512)",GMRES,1e-06,1e-08,15,100,10,200,0,100.00%,2.00,0.00,2,2,1.00,0.00,1,1,0.0083,0.0112,0.1866,0.0010,0.0191,0.0248,0.3689,0.0172,3.8210,4.3807,0,,,,DSL,1.70x
burgers_036_summary.txt,GPU,Finite Difference,float32,time,200,periodic,periodic,DSL,0.05,"(512, 512)",GMRES,0.0001,1e-06,15,100,10,0,200,0.00%,15.00,0.00,15,15,5.00,0.00,5,5,0.0680,0.0038,0.2031,0.0569,1.0225,0.0217,1.3240,1.0142,204.4988,205.0411,200,,,,DSL,90.74x
burgers_026_summary.txt,GPU,Automatic Differentiation,float32,time,200,periodic,periodic,DSL,0.1,"(256, 256)",BICGSTAB,0.0001,1e-06,15,100,10,200,0,100.00%,2.00,0.00,2,2,2.09,0.29,3,2,0.0044,0.0067,0.1239,0.0010,0.0111,0.0167,0.2462,0.0094,2.2231,2.6673,0,,,,DSL,1.00x
burgers_092_summary.txt,GPU,Automatic Differentiation,float64,time,200,periodic,periodic,DSL,0.1,"(256, 256)",BICGSTAB,1e-06,1e-08,15,100,10,200,0,100.00%,2.02,0.14,3,2,2.22,0.55,4,2,0.0046,0.0076,0.1424,0.0010,0.0117,0.0199,0.2912,0.0095,2.3394,2.7862,0,,,,DSL,1.05x
burgers_025_summary.txt,GPU,Automatic Differentiation,float32,time,200,periodic,periodic,DSL,0.1,"(256, 256)",GMRES,0.0001,1e-06,15,100,10,200,0,100.00%,2.00,0.00,2,2,1.00,0.00,1,1,0.0080,0.0091,0.1304,0.0010,0.0183,0.0166,0.2531,0.0169,3.6566,4.2948,0,,,,DSL,1.64x
burgers_091_summary.txt,GPU,Automatic Differentiation,float64,time,200,periodic,periodic,DSL,0.1,"(256, 256)",GMRES,1e-06,1e-08,15,100,10,200,0,100.00%,2.02,0.14,3,2,1.00,0.00,1,1,0.0080,0.0095,0.1450,0.0010,0.0186,0.0199,0.2982,0.0168,3.7148,4.3634,0,,,,DSL,1.67x
burgers_096_summary.txt,GPU,Finite Difference,float64,time,200,periodic,periodic,DSL,0.1,"(256, 256)",BICGSTAB,1e-06,1e-08,15,100,10,198,2,99.00%,2.13,1.29,15,2,14.17,32.12,100,2,0.0156,0.0423,0.1771,0.0010,0.0356,0.2546,2.7063,0.0095,7.1125,7.5596,2,,,,DSL,3.20x
burgers_095_summary.txt,GPU,Finite Difference,float64,time,200,periodic,periodic,DSL,0.1,"(256, 256)",GMRES,1e-06,1e-08,15,100,10,195,5,97.50%,2.33,2.03,15,2,2.04,1.75,5,1,0.0172,0.0234,0.1462,0.0010,0.0424,0.1592,1.2510,0.0169,8.4807,8.9277,5,,,,DSL,3.81x
burgers_029_summary.txt,GPU,Finite Difference,float32,time,200,periodic,periodic,DSL,0.1,"(256, 256)",GMRES,0.0001,1e-06,15,100,10,0,200,0.00%,15.00,0.00,15,15,5.00,0.00,5,5,0.0680,0.0035,0.1734,0.0566,1.0216,0.0179,1.2616,1.0113,204.3283,204.7686,200,,,,DSL,91.91x
burgers_028_summary.txt,GPU,Automatic Differentiation,float32,time,200,periodic,periodic,DSL,0.1,"(512, 512)",BICGSTAB,0.0001,1e-06,15,100,10,200,0,100.00%,2.00,0.00,2,2,2.06,0.25,3,2,0.0045,0.0080,0.1521,0.0010,0.0114,0.0207,0.3029,0.0095,2.2821,3.0383,0,,,,DSL,1.00x
burgers_094_summary.txt,GPU,Automatic Differentiation,float64,time,200,periodic,periodic,DSL,0.1,"(512, 512)",BICGSTAB,1e-06,1e-08,15,100,10,200,0,100.00%,2.00,0.00,2,2,2.13,0.39,4,2,0.0045,0.0094,0.1820,0.0009,0.0116,0.0247,0.3597,0.0093,2.3267,2.8785,0,,,,DSL,1.02x
burgers_098_summary.txt,GPU,Finite Difference,float64,time,200,periodic,periodic,DSL,0.1,"(512, 512)",BICGSTAB,1e-06,1e-08,15,100,10,200,0,100.00%,2.00,0.00,2,2,2.13,0.39,4,2,0.0046,0.0094,0.1822,0.0010,0.0118,0.0249,0.3624,0.0095,2.3545,2.9118,0,,,,DSL,1.03x
burgers_027_summary.txt,GPU,Automatic Differentiation,float32,time,200,periodic,periodic,DSL,0.1,"(512, 512)",GMRES,0.0001,1e-06,15,100,10,200,0,100.00%,2.00,0.00,2,2,1.00,0.00,1,1,0.0080,0.0102,0.1627,0.0010,0.0185,0.0210,0.3142,0.0168,3.6980,4.4531,0,,,,DSL,1.62x
burgers_093_summary.txt,GPU,Automatic Differentiation,float64,time,200,periodic,periodic,DSL,0.1,"(512, 512)",GMRES,1e-06,1e-08,15,100,10,200,0,100.00%,2.00,0.00,2,2,1.00,0.00,1,1,0.0081,0.0111,0.1856,0.0010,0.0188,0.0245,0.3638,0.0169,3.7646,4.5444,0,,,,DSL,1.65x
burgers_097_summary.txt,GPU,Finite Difference,float64,time,200,periodic,periodic,DSL,0.1,"(512, 512)",GMRES,1e-06,1e-08,15,100,10,200,0,100.00%,2.00,0.00,2,2,1.00,0.00,1,1,0.0083,0.0112,0.1857,0.0010,0.0191,0.0245,0.3648,0.0171,3.8191,4.3767,0,,,,DSL,1.67x
burgers_030_summary.txt,GPU,Finite Difference,float32,time,200,periodic,periodic,DSL,0.1,"(512, 512)",GMRES,0.0001,1e-06,15,100,10,0,200,0.00%,15.00,0.00,15,15,5.00,0.00,5,5,0.0679,0.0038,0.2043,0.0568,1.0206,0.0218,1.3229,1.0121,204.1258,204.6675,200,,,,DSL,89.45x
raddiff_066_summary.txt,GPU,Automatic Differentiation,float64,time,200,dirichlet,periodic,CLASSIC_SU_OLSON,,"(256, 256)",BICGSTAB,1e-06,1e-08,15,100,10,200,0,100.00%,2.00,0.00,2,2,2.51,0.96,8,1,0.0062,0.0074,0.1074,0.0007,0.0144,0.0133,0.2012,0.0116,2.8708,3.0890,0,,0.01,,CLASSIC_SU_OLSON,1.00x
raddiff_018_summary.txt,GPU,Automatic Differentiation,float32,time,200,dirichlet,periodic,CLASSIC_SU_OLSON,,"(256, 256)",BICGSTAB,0.0001,1e-06,15,100,10,200,0,100.00%,2.00,0.00,2,2,2.38,0.62,6,2,0.0063,0.0071,0.0983,0.0007,0.0146,0.0122,0.1863,0.0124,2.9236,3.1390,0,,0.01,,CLASSIC_SU_OLSON,1.02x
raddiff_070_summary.txt,GPU,Finite Difference,float64,time,200,dirichlet,periodic,CLASSIC_SU_OLSON,,"(256, 256)",BICGSTAB,1e-06,1e-08,15,100,10,200,0,100.00%,2.00,0.00,2,2,2.92,1.13,8,2,0.0081,0.0238,0.3818,0.0007,0.0183,0.0376,0.4769,0.0129,3.6595,3.8814,0,,0.01,,CLASSIC_SU_OLSON,1.27x
raddiff_017_summary.txt,GPU,Automatic Differentiation,float32,time,200,dirichlet,periodic,CLASSIC_SU_OLSON,,"(256, 256)",GMRES,0.0001,1e-06,15,100,10,200,0,100.00%,2.00,0.00,2,2,1.00,0.00,1,1,0.0093,0.0096,0.1005,0.0007,0.0205,0.0119,0.1886,0.0194,4.0973,4.3106,0,,0.01,,CLASSIC_SU_OLSON,1.43x
raddiff_065_summary.txt,GPU,Automatic Differentiation,float64,time,200,dirichlet,periodic,CLASSIC_SU_OLSON,,"(256, 256)",GMRES,1e-06,1e-08,15,100,10,200,0,100.00%,2.00,0.00,2,2,1.00,0.00,1,1,0.0093,0.0097,0.1060,0.0007,0.0205,0.0127,0.2002,0.0193,4.1031,4.3256,0,,0.01,,CLASSIC_SU_OLSON,1.43x
raddiff_069_summary.txt,GPU,Finite Difference,float64,time,200,dirichlet,periodic,CLASSIC_SU_OLSON,,"(256, 256)",GMRES,1e-06,1e-08,15,100,10,200,0,100.00%,2.00,0.00,2,2,2.21,1.45,5,1,0.0172,0.0291,0.3807,0.0006,0.0364,0.0388,0.4748,0.0193,7.2857,7.5059,0,,0.01,,CLASSIC_SU_OLSON,2.54x
raddiff_021_summary.txt,GPU,Finite Difference,float32,time,200,dirichlet,periodic,CLASSIC_SU_OLSON,,"(256, 256)",GMRES,0.0001,1e-06,15,100,10,200,0,100.00%,2.42,0.75,6,2,5.00,0.00,5,5,0.0367,0.0353,0.3869,0.0006,0.0908,0.0550,0.4747,0.0615,18.1522,18.3674,0,,0.01,,CLASSIC_SU_OLSON,6.32x
raddiff_022_summary.txt,GPU,Finite Difference,float32,time,200,dirichlet,periodic,CLASSIC_SU_OLSON,,"(256, 256)",BICGSTAB,0.0001,1e-06,15,100,10,17,183,8.50%,14.23,2.68,15,2,3.47,15.36,100,0,0.0549,0.0226,0.3457,0.0007,0.7838,0.2094,1.9112,0.0837,156.7591,156.9807,0,,0.01,,CLASSIC_SU_OLSON,54.60x
raddiff_020_summary.txt,GPU,Automatic Differentiation,float32,time,200,dirichlet,periodic,CLASSIC_SU_OLSON,,"(512, 512)",BICGSTAB,0.0001,1e-06,15,100,10,200,0,100.00%,2.00,0.00,2,2,2.22,0.57,6,2,0.0061,0.0074,0.1127,0.0006,0.0142,0.0141,0.2129,0.0121,2.8409,3.1147,0,,0.01,,CLASSIC_SU_OLSON,1.00x
raddiff_068_summary.txt,GPU,Automatic Differentiation,float64,time,200,dirichlet,periodic,CLASSIC_SU_OLSON,,"(512, 512)",BICGSTAB,1e-06,1e-08,15,100,10,200,0,100.00%,2.00,0.00,2,2,2.44,0.99,8,1,0.0062,0.0084,0.1359,0.0007,0.0146,0.0172,0.2565,0.0116,2.9247,3.2051,0,,0.01,,CLASSIC_SU_OLSON,1.03x
raddiff_072_summary.txt,GPU,Finite Difference,float64,time,200,dirichlet,periodic,CLASSIC_SU_OLSON,,"(512, 512)",BICGSTAB,1e-06,1e-08,15,100,10,200,0,100.00%,2.00,0.00,2,2,2.86,1.09,8,2,0.0082,0.0321,0.5157,0.0006,0.0184,0.0512,0.6370,0.0118,3.6862,3.9639,0,,0.01,,CLASSIC_SU_OLSON,1.30x
raddiff_019_summary.txt,GPU,Automatic Differentiation,float32,time,200,dirichlet,periodic,CLASSIC_SU_OLSON,,"(512, 512)",GMRES,0.0001,1e-06,15,100,10,200,0,100.00%,2.00,0.00,2,2,1.00,0.00,1,1,0.0093,0.0098,0.1118,0.0006,0.0206,0.0136,0.2123,0.0193,4.1144,4.3879,0,,0.01,,CLASSIC_SU_OLSON,1.45x
raddiff_067_summary.txt,GPU,Automatic Differentiation,float64,time,200,dirichlet,periodic,CLASSIC_SU_OLSON,,"(512, 512)",GMRES,1e-06,1e-08,15,100,10,200,0,100.00%,2.00,0.00,2,2,1.00,0.00,1,1,0.0094,0.0105,0.1333,0.0006,0.0209,0.0165,0.2541,0.0195,4.1767,4.4632,0,,0.01,,CLASSIC_SU_OLSON,1.47x
raddiff_071_summary.txt,GPU,Finite Difference,float64,time,200,dirichlet,periodic,CLASSIC_SU_OLSON,,"(512, 512)",GMRES,1e-06,1e-08,15,100,10,200,0,100.00%,2.00,0.00,2,2,2.70,1.67,5,1,0.0208,0.0377,0.5116,0.0006,0.0437,0.0517,0.6333,0.0194,8.7305,9.0140,0,,0.01,,CLASSIC_SU_OLSON,3.07x
raddiff_023_summary.txt,GPU,Finite Difference,float32,time,200,dirichlet,periodic,CLASSIC_SU_OLSON,,"(512, 512)",GMRES,0.0001,1e-06,15,100,10,200,0,100.00%,2.10,0.31,4,2,5.00,0.00,5,5,0.0336,0.0406,0.4840,0.0006,0.0724,0.0464,0.5855,0.0621,14.4768,14.7508,0,,0.01,,CLASSIC_SU_OLSON,5.10x
raddiff_024_summary.txt,GPU,Finite Difference,float32,time,200,dirichlet,periodic,CLASSIC_SU_OLSON,,"(512, 512)",BICGSTAB,0.0001,1e-06,15,100,10,24,176,12.00%,13.89,3.26,15,2,96.89,15.10,100,3,0.1984,0.0361,0.4405,0.0007,2.7572,0.8705,3.1389,0.0405,551.4330,551.7114,0,,0.01,,CLASSIC_SU_OLSON,194.11x
raddiff_058_summary.txt,GPU,Automatic Differentiation,float64,time,200,dirichlet,periodic,CLASSIC_SU_OLSON,,"(256, 256)",BICGSTAB,1e-06,1e-08,15,100,10,200,0,100.00%,2.00,0.00,2,2,2.65,0.91,8,2,0.0062,0.0074,0.1079,0.0006,0.0143,0.0133,0.2002,0.0120,2.8605,3.0746,0,,0.1,,CLASSIC_SU_OLSON,1.00x
raddiff_010_summary.txt,GPU,Automatic Differentiation,float32,time,200,dirichlet,periodic,CLASSIC_SU_OLSON,,"(256, 256)",BICGSTAB,0.0001,1e-06,15,100,10,200,0,100.00%,2.00,0.00,2,2,2.35,0.61,6,2,0.0063,0.0070,0.0964,0.0007,0.0145,0.0119,0.1825,0.0124,2.8979,3.1093,0,,0.1,,CLASSIC_SU_OLSON,1.01x
raddiff_062_summary.txt,GPU,Finite Difference,float64,time,200,dirichlet,periodic,CLASSIC_SU_OLSON,,"(256, 256)",BICGSTAB,1e-06,1e-08,15,100,10,200,0,100.00%,2.00,0.00,2,2,3.04,1.11,9,2,0.0078,0.0237,0.3805,0.0006,0.0175,0.0374,0.4740,0.0119,3.4999,3.7217,0,,0.1,,CLASSIC_SU_OLSON,1.22x
raddiff_057_summary.txt,GPU,Automatic Differentiation,float64,time,200,dirichlet,periodic,CLASSIC_SU_OLSON,,"(256, 256)",GMRES,1e-06,1e-08,15,100,10,200,0,100.00%,2.00,0.00,2,2,1.00,0.00,1,1,0.0092,0.0096,0.1046,0.0006,0.0204,0.0126,0.1980,0.0193,4.0757,4.2952,0,,0.1,,CLASSIC_SU_OLSON,1.42x
raddiff_009_summary.txt,GPU,Automatic Differentiation,float32,time,200,dirichlet,periodic,CLASSIC_SU_OLSON,,"(256, 256)",GMRES,0.0001,1e-06,15,100,10,200,0,100.00%,2.00,0.00,2,2,1.00,0.00,1,1,0.0093,0.0095,0.1000,0.0006,0.0204,0.0119,0.1887,0.0193,4.0821,4.2995,0,,0.1,,CLASSIC_SU_OLSON,1.43x
raddiff_061_summary.txt,GPU,Finite Difference,float64,time,200,dirichlet,periodic,CLASSIC_SU_OLSON,,"(256, 256)",GMRES,1e-06,1e-08,15,100,10,200,0,100.00%,2.00,0.00,2,2,2.20,1.37,5,1,0.0170,0.0286,0.3761,0.0006,0.0359,0.0381,0.4690,0.0194,7.1736,7.3907,0,,0.1,,CLASSIC_SU_OLSON,2.51x
raddiff_013_summary.txt,GPU,Finite Difference,float32,time,200,dirichlet,periodic,CLASSIC_SU_OLSON,,"(256, 256)",GMRES,0.0001,1e-06,15,100,10,200,0,100.00%,2.43,0.73,6,2,5.00,0.00,5,5,0.0370,0.0353,0.3837,0.0007,0.0917,0.0541,0.4707,0.0616,18.3419,18.5599,0,,0.1,,CLASSIC_SU_OLSON,6.41x
raddiff_014_summary.txt,GPU,Finite Difference,float32,time,200,dirichlet,periodic,CLASSIC_SU_OLSON,,"(256, 256)",BICGSTAB,0.0001,1e-06,15,100,10,21,179,10.50%,14.20,2.59,15,2,4.80,17.46,100,0,0.0555,0.0255,0.4413,0.0007,0.7896,0.2124,2.1197,0.0705,157.9168,158.1332,0,,0.1,,CLASSIC_SU_OLSON,55.21x
raddiff_060_summary.txt,GPU,Automatic Differentiation,float64,time,200,dirichlet,periodic,CLASSIC_SU_OLSON,,"(512, 512)",BICGSTAB,1e-06,1e-08,15,100,10,200,0,100.00%,2.00,0.00,2,2,2.48,0.99,8,1,0.0061,0.0083,0.1343,0.0006,0.0142,0.0171,0.2544,0.0112,2.8379,3.1163,0,,0.1,,CLASSIC_SU_OLSON,1.00x
raddiff_012_summary.txt,GPU,Automatic Differentiation,float32,time,200,dirichlet,periodic,CLASSIC_SU_OLSON,,"(512, 512)",BICGSTAB,0.0001,1e-06,15,100,10,200,0,100.00%,2.00,0.00,2,2,2.21,0.56,6,2,0.0062,0.0074,0.1109,0.0006,0.0144,0.0140,0.2111,0.0124,2.8714,3.1400,0,,0.1,,CLASSIC_SU_OLSON,1.01x
raddiff_064_summary.txt,GPU,Finite Difference,float64,time,200,dirichlet,periodic,CLASSIC_SU_OLSON,,"(512, 512)",BICGSTAB,1e-06,1e-08,15,100,10,200,0,100.00%,2.00,0.00,2,2,2.86,1.10,8,2,0.0084,0.0323,0.5188,0.0007,0.0190,0.0514,0.6410,0.0122,3.7928,4.0824,0,,0.1,,CLASSIC_SU_OLSON,1.34x
raddiff_011_summary.txt,GPU,Automatic Differentiation,float32,time,200,dirichlet,periodic,CLASSIC_SU_OLSON,,"(512, 512)",GMRES,0.0001,1e-06,15,100,10,200,0,100.00%,2.00,0.00,2,2,1.00,0.00,1,1,0.0093,0.0099,0.1124,0.0006,0.0206,0.0135,0.2114,0.0194,4.1223,4.3909,0,,0.1,,CLASSIC_SU_OLSON,1.45x
raddiff_059_summary.txt,GPU,Automatic Differentiation,float64,time,200,dirichlet,periodic,CLASSIC_SU_OLSON,,"(512, 512)",GMRES,1e-06,1e-08,15,100,10,200,0,100.00%,2.00,0.00,2,2,1.00,0.00,1,1,0.0093,0.0103,0.1312,0.0006,0.0206,0.0163,0.2510,0.0192,4.1244,4.3985,0,,0.1,,CLASSIC_SU_OLSON,1.45x
raddiff_063_summary.txt,GPU,Finite Difference,float64,time,200,dirichlet,periodic,CLASSIC_SU_OLSON,,"(512, 512)",GMRES,1e-06,1e-08,15,100,10,200,0,100.00%,2.00,0.00,2,2,2.60,1.62,5,1,0.0199,0.0373,0.5148,0.0006,0.0418,0.0518,0.6351,0.0195,8.3575,8.6415,0,,0.1,,CLASSIC_SU_OLSON,2.94x
raddiff_015_summary.txt,GPU,Finite Difference,float32,time,200,dirichlet,periodic,CLASSIC_SU_OLSON,,"(512, 512)",GMRES,0.0001,1e-06,15,100,10,200,0,100.00%,2.15,0.40,4,2,5.00,0.00,5,5,0.0343,0.0402,0.4846,0.0006,0.0758,0.0485,0.5864,0.0618,15.1662,15.4461,0,,0.1,,CLASSIC_SU_OLSON,5.34x
raddiff_016_summary.txt,GPU,Finite Difference,float32,time,200,dirichlet,periodic,CLASSIC_SU_OLSON,,"(512, 512)",BICGSTAB,0.0001,1e-06,15,100,10,15,185,7.50%,14.30,2.56,15,2,2.55,13.87,100,0,0.0542,0.0225,0.4761,0.0007,0.7769,0.1818,1.9063,0.0403,155.3847,155.6649,0,,0.1,,CLASSIC_SU_OLSON,54.75x
raddiff_050_summary.txt,GPU,Automatic Differentiation,float64,time,200,dirichlet,periodic,CLASSIC_SU_OLSON,,"(256, 256)",BICGSTAB,1e-06,1e-08,15,100,10,200,0,100.00%,2.00,0.00,2,2,2.61,0.95,8,1,0.0061,0.0073,0.1073,0.0006,0.0141,0.0133,0.2007,0.0112,2.8213,3.0330,0,,1.0,,CLASSIC_SU_OLSON,1.00x
raddiff_002_summary.txt,GPU,Automatic Differentiation,float32,time,200,dirichlet,periodic,CLASSIC_SU_OLSON,,"(256, 256)",BICGSTAB,0.0001,1e-06,15,100,10,200,0,100.00%,2.00,0.00,2,2,2.21,0.56,6,2,0.0061,0.0069,0.0969,0.0007,0.0141,0.0119,0.1822,0.0122,2.8222,3.0341,0,,1.0,,CLASSIC_SU_OLSON,1.00x
raddiff_054_summary.txt,GPU,Finite Difference,float64,time,200,dirichlet,periodic,CLASSIC_SU_OLSON,,"(256, 256)",BICGSTAB,1e-06,1e-08,15,100,10,200,0,100.00%,2.00,0.00,2,2,2.90,0.99,8,2,0.0077,0.0237,0.3810,0.0006,0.0173,0.0374,0.4735,0.0120,3.4698,3.6875,0,,1.0,,CLASSIC_SU_OLSON,1.23x
raddiff_049_summary.txt,GPU,Automatic Differentiation,float64,time,200,dirichlet,periodic,CLASSIC_SU_OLSON,,"(256, 256)",GMRES,1e-06,1e-08,15,100,10,200,0,100.00%,2.00,0.00,2,2,1.00,0.00,1,1,0.0103,0.0235,0.4379,0.0006,0.0226,0.0391,0.5673,0.0192,4.5291,4.8496,0,,1.0,,CLASSIC_SU_OLSON,1.61x
raddiff_001_summary.txt,GPU,Automatic Differentiation,float32,time,200,dirichlet,periodic,CLASSIC_SU_OLSON,,"(256, 256)",GMRES,0.0001,1e-06,15,100,10,200,0,100.00%,2.00,0.00,2,2,1.00,0.00,1,1,0.0113,0.0392,0.7652,0.0007,0.0255,0.0744,1.0685,0.0195,5.1080,5.8293,0,,1.0,,CLASSIC_SU_OLSON,1.81x
raddiff_053_summary.txt,GPU,Finite Difference,float64,time,200,dirichlet,periodic,CLASSIC_SU_OLSON,,"(256, 256)",GMRES,1e-06,1e-08,15,100,10,200,0,100.00%,2.00,0.00,2,2,2.02,1.37,5,1,0.0160,0.0282,0.3785,0.0006,0.0339,0.0385,0.4718,0.0193,6.7801,6.9918,0,,1.0,,CLASSIC_SU_OLSON,2.40x
raddiff_005_summary.txt,GPU,Finite Difference,float32,time,200,dirichlet,periodic,CLASSIC_SU_OLSON,,"(256, 256)",GMRES,0.0001,1e-06,15,100,10,200,0,100.00%,2.46,0.77,6,2,5.00,0.00,5,5,0.0371,0.0352,0.3922,0.0006,0.0931,0.0557,0.4775,0.0616,18.6226,18.8368,0,,1.0,,CLASSIC_SU_OLSON,6.60x
raddiff_006_summary.txt,GPU,Finite Difference,float32,time,200,dirichlet,periodic,CLASSIC_SU_OLSON,,"(256, 256)",BICGSTAB,0.0001,1e-06,15,100,10,18,182,9.00%,14.20,2.69,15,2,3.40,15.55,100,0,0.0548,0.0235,0.3951,0.0007,0.7803,0.2236,2.2627,0.1289,156.0640,156.2791,0,,1.0,,CLASSIC_SU_OLSON,55.32x
raddiff_052_summary.txt,GPU,Automatic Differentiation,float64,time,200,dirichlet,periodic,CLASSIC_SU_OLSON,,"(512, 512)",BICGSTAB,1e-06,1e-08,15,100,10,200,0,100.00%,2.00,0.00,2,2,2.50,0.98,8,1,0.0060,0.0082,0.1340,0.0006,0.0141,0.0170,0.2535,0.0112,2.8255,3.0998,0,,1.0,,CLASSIC_SU_OLSON,1.00x
raddiff_004_summary.txt,GPU,Automatic Differentiation,float32,time,200,dirichlet,periodic,CLASSIC_SU_OLSON,,"(512, 512)",BICGSTAB,0.0001,1e-06,15,100,10,200,0,100.00%,2.00,0.00,2,2,2.23,0.57,6,2,0.0063,0.0075,0.1115,0.0007,0.0148,0.0141,0.2127,0.0127,2.9503,3.2193,0,,1.0,,CLASSIC_SU_OLSON,1.04x
raddiff_056_summary.txt,GPU,Finite Difference,float64,time,200,dirichlet,periodic,CLASSIC_SU_OLSON,,"(512, 512)",BICGSTAB,1e-06,1e-08,15,100,10,200,0,100.00%,2.00,0.00,2,2,2.92,1.11,8,2,0.0082,0.0320,0.5131,0.0006,0.0185,0.0510,0.6346,0.0119,3.6980,3.9838,0,,1.0,,CLASSIC_SU_OLSON,1.31x
raddiff_051_summary.txt,GPU,Automatic Differentiation,float64,time,200,dirichlet,periodic,CLASSIC_SU_OLSON,,"(512, 512)",GMRES,1e-06,1e-08,15,100,10,200,0,100.00%,2.00,0.00,2,2,1.00,0.00,1,1,0.0105,0.0271,0.5147,0.0006,0.0232,0.0469,0.6772,0.0192,4.6472,5.0016,0,,1.0,,CLASSIC_SU_OLSON,1.64x
raddiff_003_summary.txt,GPU,Automatic Differentiation,float32,time,200,dirichlet,periodic,CLASSIC_SU_OLSON,,"(512, 512)",GMRES,0.0001,1e-06,15,100,10,200,0,100.00%,2.00,0.00,2,2,1.00,0.00,1,1,0.0115,0.0442,0.8661,0.0006,0.0262,0.0840,1.2042,0.0194,5.2347,5.8849,0,,1.0,,CLASSIC_SU_OLSON,1.85x
raddiff_055_summary.txt,GPU,Finite Difference,float64,time,200,dirichlet,periodic,CLASSIC_SU_OLSON,,"(512, 512)",GMRES,1e-06,1e-08,15,100,10,200,0,100.00%,2.00,0.00,2,2,2.65,1.67,5,1,0.0201,0.0373,0.5106,0.0006,0.0422,0.0515,0.6309,0.0195,8.4402,8.7222,0,,1.0,,CLASSIC_SU_OLSON,2.99x
raddiff_007_summary.txt,GPU,Finite Difference,float32,time,200,dirichlet,periodic,CLASSIC_SU_OLSON,,"(512, 512)",GMRES,0.0001,1e-06,15,100,10,200,0,100.00%,2.13,0.35,4,2,5.00,0.00,5,5,0.0340,0.0403,0.4836,0.0006,0.0743,0.0473,0.5874,0.0614,14.8639,15.1324,0,,1.0,,CLASSIC_SU_OLSON,5.26x
raddiff_008_summary.txt,GPU,Finite Difference,float32,time,200,dirichlet,periodic,CLASSIC_SU_OLSON,,"(512, 512)",BICGSTAB,0.0001,1e-06,15,100,10,33,167,16.50%,13.58,3.45,15,2,4.65,17.68,100,0,0.0561,0.0276,0.4755,0.0007,0.7641,0.2050,1.7335,0.0471,152.8187,153.0890,0,,1.0,,CLASSIC_SU_OLSON,54.09x
raddiff_042_summary.txt,GPU,Automatic Differentiation,float32,time,200,dirichlet,dirichlet,DYNAMIC,,"(256, 256)",BICGSTAB,0.0001,1e-06,15,100,10,200,0,100.00%,2.00,0.00,2,2,3.71,0.47,4,2,0.0088,0.0093,0.1051,0.0006,0.0203,0.0131,0.2053,0.0178,4.0659,4.2920,0,,0.01,,DYNAMIC,1.00x
raddiff_090_summary.txt,GPU,Automatic Differentiation,float64,time,200,dirichlet,dirichlet,DYNAMIC,,"(256, 256)",BICGSTAB,1e-06,1e-08,15,100,10,200,0,100.00%,2.00,0.00,2,2,3.93,0.29,4,2,0.0095,0.0099,0.1116,0.0007,0.0218,0.0139,0.2183,0.0186,4.3600,4.5857,0,,0.01,,DYNAMIC,1.07x
raddiff_094_summary.txt,GPU,Finite Difference,float64,time,200,dirichlet,dirichlet,DYNAMIC,,"(256, 256)",BICGSTAB,1e-06,1e-08,15,100,10,200,0,100.00%,2.00,0.00,2,2,3.81,0.73,7,3,0.0108,0.0289,0.4553,0.0007,0.0245,0.0445,0.5622,0.0188,4.8990,5.1219,0,,0.01,,DYNAMIC,1.20x
raddiff_089_summary.txt,GPU,Automatic Differentiation,float64,time,200,dirichlet,dirichlet,DYNAMIC,,"(256, 256)",GMRES,1e-06,1e-08,15,100,10,200,0,100.00%,2.00,0.00,2,2,1.00,0.00,1,1,0.0112,0.0116,0.1206,0.0006,0.0250,0.0144,0.2284,0.0238,5.0078,5.2301,0,,0.01,,DYNAMIC,1.23x
raddiff_041_summary.txt,GPU,Automatic Differentiation,float32,time,200,dirichlet,dirichlet,DYNAMIC,,"(256, 256)",GMRES,0.0001,1e-06,15,100,10,200,0,100.00%,2.00,0.00,2,2,1.00,0.00,1,1,0.0116,0.0118,0.1108,0.0006,0.0260,0.0131,0.2102,0.0236,5.1952,5.4272,0,,0.01,,DYNAMIC,1.28x
raddiff_093_summary.txt,GPU,Finite Difference,float64,time,200,dirichlet,dirichlet,DYNAMIC,,"(256, 256)",GMRES,1e-06,1e-08,15,100,10,200,0,100.00%,2.00,0.00,2,2,4.83,0.81,5,1,0.0335,0.0412,0.4619,0.0006,0.0697,0.0413,0.5691,0.0253,13.9391,14.1624,0,,0.01,,DYNAMIC,3.43x
raddiff_045_summary.txt,GPU,Finite Difference,float32,time,200,dirichlet,dirichlet,DYNAMIC,,"(256, 256)",GMRES,0.0001,1e-06,15,100,10,200,0,100.00%,2.00,0.00,2,2,5.00,0.00,5,5,0.0348,0.0425,0.4759,0.0006,0.0724,0.0415,0.5757,0.0650,14.4840,14.7127,0,,0.01,,DYNAMIC,3.56x
raddiff_046_summary.txt,GPU,Finite Difference,float32,time,200,dirichlet,dirichlet,DYNAMIC,,"(256, 256)",BICGSTAB,0.0001,1e-06,15,100,10,10,190,5.00%,14.51,2.23,15,2,3.04,16.53,100,0,0.0906,0.0233,0.4560,0.0006,1.3177,0.2767,2.8794,0.0696,263.5321,263.7857,0,,0.01,,DYNAMIC,64.82x
raddiff_044_summary.txt,GPU,Automatic Differentiation,float32,time,200,dirichlet,dirichlet,DYNAMIC,,"(512, 512)",BICGSTAB,0.0001,1e-06,15,100,10,200,0,100.00%,2.00,0.00,2,2,2.97,0.17,3,2,0.0086,0.0095,0.1209,0.0006,0.0200,0.0152,0.2350,0.0185,3.9974,4.2622,0,,0.01,,DYNAMIC,1.00x
raddiff_092_summary.txt,GPU,Automatic Differentiation,float64,time,200,dirichlet,dirichlet,DYNAMIC,,"(512, 512)",BICGSTAB,1e-06,1e-08,15,100,10,200,0,100.00%,2.00,0.00,2,2,2.98,0.12,3,2,0.0087,0.0099,0.1337,0.0007,0.0204,0.0172,0.2634,0.0178,4.0843,4.3658,0,,0.01,,DYNAMIC,1.02x
raddiff_091_summary.txt,GPU,Automatic Differentiation,float64,time,200,dirichlet,dirichlet,DYNAMIC,,"(512, 512)",GMRES,1e-06,1e-08,15,100,10,200,0,100.00%,2.00,0.00,2,2,1.00,0.00,1,1,0.0112,0.0122,0.1435,0.0006,0.0252,0.0175,0.2723,0.0238,5.0467,5.3310,0,,0.01,,DYNAMIC,1.26x
raddiff_096_summary.txt,GPU,Finite Difference,float64,time,200,dirichlet,dirichlet,DYNAMIC,,"(512, 512)",BICGSTAB,1e-06,1e-08,15,100,10,200,0,100.00%,2.00,0.00,2,2,3.96,0.90,8,2,0.0115,0.0393,0.6206,0.0006,0.0259,0.0608,0.7490,0.0181,5.1874,5.4716,0,,0.01,,DYNAMIC,1.30x
raddiff_043_summary.txt,GPU,Automatic Differentiation,float32,time,200,dirichlet,dirichlet,DYNAMIC,,"(512, 512)",GMRES,0.0001,1e-06,15,100,10,200,0,100.00%,2.00,0.00,2,2,1.00,0.00,1,1,0.0116,0.0120,0.1245,0.0006,0.0260,0.0151,0.2394,0.0235,5.1993,5.4641,0,,0.01,,DYNAMIC,1.30x
raddiff_095_summary.txt,GPU,Finite Difference,float64,time,200,dirichlet,dirichlet,DYNAMIC,,"(512, 512)",GMRES,1e-06,1e-08,15,100,10,200,0,100.00%,2.00,0.00,2,2,4.68,1.09,5,1,0.0333,0.0485,0.6237,0.0006,0.0694,0.0577,0.7504,0.0246,13.8866,14.1649,0,,0.01,,DYNAMIC,3.47x
raddiff_047_summary.txt,GPU,Finite Difference,float32,time,200,dirichlet,dirichlet,DYNAMIC,,"(512, 512)",GMRES,0.0001,1e-06,15,100,10,200,0,100.00%,2.00,0.00,2,2,5.00,0.00,5,5,0.0353,0.0463,0.5600,0.0006,0.0734,0.0500,0.6739,0.0655,14.6811,14.9451,0,,0.01,,DYNAMIC,3.67x
raddiff_048_summary.txt,GPU,Finite Difference,float32,time,200,dirichlet,dirichlet,DYNAMIC,,"(512, 512)",BICGSTAB,0.0001,1e-06,15,100,10,60,140,30.00%,12.04,4.90,15,2,94.66,19.22,100,4,0.2185,0.0612,0.5393,0.0006,2.6349,1.4180,3.7015,0.0403,526.9806,527.2463,0,,0.01,,DYNAMIC,131.83x
raddiff_034_summary.txt,GPU,Automatic Differentiation,float32,time,200,dirichlet,dirichlet,DYNAMIC,,"(256, 256)",BICGSTAB,0.0001,1e-06,15,100,10,200,0,100.00%,2.00,0.00,2,2,3.71,0.46,4,2,0.0089,0.0093,0.1022,0.0006,0.0205,0.0127,0.1995,0.0184,4.1078,4.3343,0,,0.1,,DYNAMIC,1.00x
raddiff_082_summary.txt,GPU,Automatic Differentiation,float64,time,200,dirichlet,dirichlet,DYNAMIC,,"(256, 256)",BICGSTAB,1e-06,1e-08,15,100,10,200,0,100.00%,2.00,0.00,2,2,3.97,0.22,4,2,0.0097,0.0102,0.1144,0.0007,0.0224,0.0142,0.2220,0.0193,4.4715,4.6940,0,,0.1,,DYNAMIC,1.09x
raddiff_086_summary.txt,GPU,Finite Difference,float64,time,200,dirichlet,dirichlet,DYNAMIC,,"(256, 256)",BICGSTAB,1e-06,1e-08,15,100,10,200,0,100.00%,2.00,0.00,2,2,3.87,0.58,6,3,0.0110,0.0292,0.4581,0.0007,0.0249,0.0448,0.5666,0.0192,4.9891,5.2221,0,,0.1,,DYNAMIC,1.21x
raddiff_081_summary.txt,GPU,Automatic Differentiation,float64,time,200,dirichlet,dirichlet,DYNAMIC,,"(256, 256)",GMRES,1e-06,1e-08,15,100,10,200,0,100.00%,2.00,0.00,2,2,1.00,0.00,1,1,0.0112,0.0116,0.1201,0.0006,0.0252,0.0145,0.2292,0.0239,5.0333,5.2563,0,,0.1,,DYNAMIC,1.23x
raddiff_033_summary.txt,GPU,Automatic Differentiation,float32,time,200,dirichlet,dirichlet,DYNAMIC,,"(256, 256)",GMRES,0.0001,1e-06,15,100,10,200,0,100.00%,2.00,0.00,2,2,1.00,0.00,1,1,0.0113,0.0115,0.1137,0.0006,0.0252,0.0136,0.2166,0.0240,5.0474,5.2783,0,,0.1,,DYNAMIC,1.23x
raddiff_085_summary.txt,GPU,Finite Difference,float64,time,200,dirichlet,dirichlet,DYNAMIC,,"(256, 256)",GMRES,1e-06,1e-08,15,100,10,200,0,100.00%,2.00,0.00,2,2,4.82,0.83,5,1,0.0337,0.0415,0.4663,0.0006,0.0702,0.0417,0.5742,0.0255,14.0414,14.2658,0,,0.1,,DYNAMIC,3.42x
raddiff_037_summary.txt,GPU,Finite Difference,float32,time,200,dirichlet,dirichlet,DYNAMIC,,"(256, 256)",GMRES,0.0001,1e-06,15,100,10,200,0,100.00%,2.00,0.00,2,2,5.00,0.00,5,5,0.0347,0.0426,0.4806,0.0006,0.0722,0.0420,0.5820,0.0667,14.4347,14.6585,0,,0.1,,DYNAMIC,3.51x
raddiff_038_summary.txt,GPU,Finite Difference,float32,time,200,dirichlet,dirichlet,DYNAMIC,,"(256, 256)",BICGSTAB,0.0001,1e-06,15,100,10,34,166,17.00%,13.41,3.74,15,2,9.66,27.93,100,0,0.0958,0.0380,0.4936,0.0006,1.2872,0.4532,3.0896,0.0544,257.4361,257.6931,0,,0.1,,DYNAMIC,62.67x
raddiff_036_summary.txt,GPU,Automatic Differentiation,float32,time,200,dirichlet,dirichlet,DYNAMIC,,"(512, 512)",BICGSTAB,0.0001,1e-06,15,100,10,200,0,100.00%,2.00,0.00,2,2,2.97,0.17,3,2,0.0087,0.0096,0.1223,0.0006,0.0203,0.0157,0.2414,0.0176,4.0563,4.3212,0,,0.1,,DYNAMIC,1.00x
raddiff_084_summary.txt,GPU,Automatic Differentiation,float64,time,200,dirichlet,dirichlet,DYNAMIC,,"(512, 512)",BICGSTAB,1e-06,1e-08,15,100,10,200,0,100.00%,2.00,0.00,2,2,2.98,0.12,3,2,0.0089,0.0100,0.1345,0.0007,0.0208,0.0173,0.2648,0.0180,4.1632,4.4390,0,,0.1,,DYNAMIC,1.03x
raddiff_083_summary.txt,GPU,Automatic Differentiation,float64,time,200,dirichlet,dirichlet,DYNAMIC,,"(512, 512)",GMRES,1e-06,1e-08,15,100,10,200,0,100.00%,2.00,0.00,2,2,1.00,0.00,1,1,0.0113,0.0122,0.1439,0.0006,0.0254,0.0175,0.2721,0.0239,5.0831,5.3492,0,,0.1,,DYNAMIC,1.25x
raddiff_035_summary.txt,GPU,Automatic Differentiation,float32,time,200,dirichlet,dirichlet,DYNAMIC,,"(512, 512)",GMRES,0.0001,1e-06,15,100,10,200,0,100.00%,2.00,0.00,2,2,1.00,0.00,1,1,0.0114,0.0119,0.1252,0.0006,0.0255,0.0151,0.2387,0.0240,5.1085,5.3933,0,,0.1,,DYNAMIC,1.26x
raddiff_088_summary.txt,GPU,Finite Difference,float64,time,200,dirichlet,dirichlet,DYNAMIC,,"(512, 512)",BICGSTAB,1e-06,1e-08,15,100,10,200,0,100.00%,2.00,0.00,2,2,3.87,0.83,8,2,0.0115,0.0394,0.6199,0.0006,0.0258,0.0609,0.7487,0.0179,5.1500,5.4308,0,,0.1,,DYNAMIC,1.27x
raddiff_087_summary.txt,GPU,Finite Difference,float64,time,200,dirichlet,dirichlet,DYNAMIC,,"(512, 512)",GMRES,1e-06,1e-08,15,100,10,200,0,100.00%,2.00,0.00,2,2,4.67,1.09,5,1,0.0334,0.0489,0.6317,0.0006,0.0696,0.0586,0.7602,0.0245,13.9300,14.2050,0,,0.1,,DYNAMIC,3.43x
raddiff_039_summary.txt,GPU,Finite Difference,float32,time,200,dirichlet,dirichlet,DYNAMIC,,"(512, 512)",GMRES,0.0001,1e-06,15,100,10,200,0,100.00%,2.00,0.00,2,2,5.00,0.00,5,5,0.0347,0.0460,0.5644,0.0006,0.0721,0.0504,0.6790,0.0663,14.4237,14.6895,0,,0.1,,DYNAMIC,3.56x
raddiff_040_summary.txt,GPU,Finite Difference,float32,time,200,dirichlet,dirichlet,DYNAMIC,,"(512, 512)",BICGSTAB,0.0001,1e-06,15,100,10,74,126,37.00%,11.63,5.07,15,2,34.89,43.16,100,0,0.1130,0.0668,0.5149,0.0006,1.3179,0.7596,2.9643,0.0556,263.5862,263.8863,0,,0.1,,DYNAMIC,64.98x
raddiff_026_summary.txt,GPU,Automatic Differentiation,float32,time,200,dirichlet,dirichlet,DYNAMIC,,"(256, 256)",BICGSTAB,0.0001,1e-06,15,100,10,200,0,100.00%,2.00,0.00,2,2,3.79,0.42,4,2,0.0089,0.0093,0.1021,0.0006,0.0205,0.0126,0.1987,0.0182,4.0989,4.3255,0,,1.0,,DYNAMIC,1.00x
raddiff_074_summary.txt,GPU,Automatic Differentiation,float64,time,200,dirichlet,dirichlet,DYNAMIC,,"(256, 256)",BICGSTAB,1e-06,1e-08,15,100,10,200,0,100.00%,2.00,0.00,2,2,4.00,0.25,5,2,0.0097,0.0101,0.1121,0.0007,0.0223,0.0140,0.2198,0.0194,4.4553,4.6871,0,,1.0,,DYNAMIC,1.09x
raddiff_078_summary.txt,GPU,Finite Difference,float64,time,200,dirichlet,dirichlet,DYNAMIC,,"(256, 256)",BICGSTAB,1e-06,1e-08,15,100,10,200,0,100.00%,2.00,0.00,2,2,4.23,0.87,10,3,0.0113,0.0300,0.4735,0.0007,0.0256,0.0463,0.5881,0.0196,5.1287,5.3677,0,,1.0,,DYNAMIC,1.25x
raddiff_073_summary.txt,GPU,Automatic Differentiation,float64,time,200,dirichlet,dirichlet,DYNAMIC,,"(256, 256)",GMRES,1e-06,1e-08,15,100,10,200,0,100.00%,2.00,0.00,2,2,1.00,0.00,1,1,0.0118,0.0172,0.2846,0.0006,0.0264,0.0263,0.3969,0.0240,5.2819,5.5712,0,,1.0,,DYNAMIC,1.29x
raddiff_025_summary.txt,GPU,Automatic Differentiation,float32,time,200,dirichlet,dirichlet,DYNAMIC,,"(256, 256)",GMRES,0.0001,1e-06,15,100,10,200,0,100.00%,2.00,0.00,2,2,1.00,0.00,1,1,0.0116,0.0165,0.2687,0.0006,0.0274,0.0459,0.6753,0.0239,5.4738,5.7560,0,,1.0,,DYNAMIC,1.34x
raddiff_077_summary.txt,GPU,Finite Difference,float64,time,200,dirichlet,dirichlet,DYNAMIC,,"(256, 256)",GMRES,1e-06,1e-08,15,100,10,200,0,100.00%,2.00,0.00,2,2,4.83,0.79,5,1,0.0338,0.0439,0.5507,0.0006,0.0704,0.0475,0.6654,0.0254,14.0827,14.3164,0,,1.0,,DYNAMIC,3.44x
raddiff_029_summary.txt,GPU,Finite Difference,float32,time,200,dirichlet,dirichlet,DYNAMIC,,"(256, 256)",GMRES,0.0001,1e-06,15,100,10,200,0,100.00%,2.00,0.00,2,2,5.00,0.00,5,5,0.0343,0.0439,0.5463,0.0006,0.0712,0.0456,0.6429,0.0663,14.2464,14.4739,0,,1.0,,DYNAMIC,3.48x
raddiff_030_summary.txt,GPU,Finite Difference,float32,time,200,dirichlet,dirichlet,DYNAMIC,,"(256, 256)",BICGSTAB,0.0001,1e-06,15,100,10,23,177,11.50%,13.94,3.21,15,2,8.81,26.45,100,0,0.0965,0.0372,0.4654,0.0007,1.3483,0.4082,2.7211,0.0453,269.6615,269.9178,0,,1.0,,DYNAMIC,65.79x
raddiff_028_summary.txt,GPU,Automatic Differentiation,float32,time,200,dirichlet,dirichlet,DYNAMIC,,"(512, 512)",BICGSTAB,0.0001,1e-06,15,100,10,200,0,100.00%,2.00,0.00,2,2,2.97,0.17,3,2,0.0086,0.0094,0.1179,0.0006,0.0199,0.0149,0.2301,0.0176,3.9868,4.2625,0,,1.0,,DYNAMIC,1.00x
raddiff_076_summary.txt,GPU,Automatic Differentiation,float64,time,200,dirichlet,dirichlet,DYNAMIC,,"(512, 512)",BICGSTAB,1e-06,1e-08,15,100,10,200,0,100.00%,2.00,0.00,2,2,2.98,0.14,3,2,0.0087,0.0101,0.1404,0.0007,0.0204,0.0182,0.2773,0.0184,4.0878,6.0405,0,,1.0,,DYNAMIC,1.03x
raddiff_080_summary.txt,GPU,Finite Difference,float64,time,200,dirichlet,dirichlet,DYNAMIC,,"(512, 512)",BICGSTAB,1e-06,1e-08,15,100,10,200,0,100.00%,2.00,0.00,2,2,3.96,0.78,8,2,0.0119,0.0398,0.6259,0.0007,0.0270,0.0614,0.7559,0.0188,5.3910,5.6571,0,,1.0,,DYNAMIC,1.35x
raddiff_027_summary.txt,GPU,Automatic Differentiation,float32,time,200,dirichlet,dirichlet,DYNAMIC,,"(512, 512)",GMRES,0.0001,1e-06,15,100,10,200,0,100.00%,2.00,0.00,2,2,1.00,0.00,1,1,0.0117,0.0180,0.3070,0.0006,0.0270,0.0404,0.5967,0.0239,5.3912,5.7285,0,,1.0,,DYNAMIC,1.35x
raddiff_075_summary.txt,GPU,Automatic Differentiation,float64,time,200,dirichlet,dirichlet,DYNAMIC,,"(512, 512)",GMRES,1e-06,1e-08,15,100,10,200,0,100.00%,2.00,0.00,2,2,1.00,0.00,1,1,0.0126,0.0194,0.3309,0.0007,0.0284,0.0308,0.4619,0.0245,5.6729,6.0138,0,,1.0,,DYNAMIC,1.42x
raddiff_079_summary.txt,GPU,Finite Difference,float64,time,200,dirichlet,dirichlet,DYNAMIC,,"(512, 512)",GMRES,1e-06,1e-08,15,100,10,200,0,100.00%,2.00,0.00,2,2,4.68,1.09,5,1,0.0342,0.0573,0.8750,0.0006,0.0713,0.0738,1.0066,0.0243,14.2677,14.5337,0,,1.0,,DYNAMIC,3.58x
raddiff_031_summary.txt,GPU,Finite Difference,float32,time,200,dirichlet,dirichlet,DYNAMIC,,"(512, 512)",GMRES,0.0001,1e-06,15,100,10,200,0,100.00%,2.00,0.00,2,2,5.00,0.00,5,5,0.0349,0.0488,0.6586,0.0006,0.0726,0.0560,0.7713,0.0658,14.5121,14.7970,0,,1.0,,DYNAMIC,3.64x
raddiff_032_summary.txt,GPU,Finite Difference,float32,time,200,dirichlet,dirichlet,DYNAMIC,,"(512, 512)",BICGSTAB,0.0001,1e-06,15,100,10,10,190,5.00%,14.39,2.67,15,2,98.33,10.77,100,8,0.2387,0.0340,0.5392,0.0007,3.4377,0.7749,3.8239,0.0733,687.5381,687.8231,0,,1.0,,DYNAMIC,172.45x
reactdiff_023_summary.txt,GPU,Automatic Differentiation,float32,time,200,dirichlet,dirichlet,gaussian,,"(256, 256)",CG,0.0001,1e-06,15,100,10,200,0,100.00%,2.03,0.17,3,2,7.05,1.09,13,6,0.0056,0.0067,0.0996,0.0004,0.0124,0.0141,0.2072,0.0103,2.4703,2.7426,0,,,0.001,GAUSSIAN,1.00x
reactdiff_022_summary.txt,GPU,Automatic Differentiation,float32,time,200,dirichlet,dirichlet,gaussian,,"(256, 256)",BICGSTAB,0.0001,1e-06,15,100,10,200,0,100.00%,2.03,0.17,3,2,3.85,0.54,7,3,0.0067,0.0077,0.1052,0.0004,0.0147,0.0144,0.2147,0.0124,2.9310,3.2077,0,,,0.001,GAUSSIAN,1.19x
reactdiff_087_summary.txt,GPU,Automatic Differentiation,float64,time,200,dirichlet,dirichlet,gaussian,,"(256, 256)",CG,1e-06,1e-08,15,100,10,200,0,100.00%,2.63,0.48,3,2,5.91,2.50,16,3,0.0060,0.0066,0.1188,0.0004,0.0170,0.0170,0.2443,0.0083,3.4093,3.6812,0,,,0.001,GAUSSIAN,1.38x
reactdiff_021_summary.txt,GPU,Automatic Differentiation,float32,time,200,dirichlet,dirichlet,gaussian,,"(256, 256)",GMRES,0.0001,1e-06,15,100,10,200,0,100.00%,2.03,0.17,3,2,1.00,0.00,1,1,0.0088,0.0093,0.1042,0.0004,0.0189,0.0143,0.2177,0.0173,3.7832,4.0553,0,,,0.001,GAUSSIAN,1.53x
reactdiff_086_summary.txt,GPU,Automatic Differentiation,float64,time,200,dirichlet,dirichlet,gaussian,,"(256, 256)",BICGSTAB,1e-06,1e-08,15,100,10,200,0,100.00%,2.63,0.48,3,2,3.11,1.43,9,1,0.0071,0.0074,0.1241,0.0004,0.0199,0.0176,0.2522,0.0090,3.9711,4.2428,0,,,0.001,GAUSSIAN,1.61x
reactdiff_085_summary.txt,GPU,Automatic Differentiation,float64,time,200,dirichlet,dirichlet,gaussian,,"(256, 256)",GMRES,1e-06,1e-08,15,100,10,200,0,100.00%,2.63,0.48,3,2,1.00,0.00,1,1,0.0104,0.0091,0.1227,0.0004,0.0410,0.1912,2.7364,0.0171,8.1996,8.4747,0,,,0.001,GAUSSIAN,3.32x
reactdiff_092_summary.txt,GPU,Finite Difference,float64,time,200,dirichlet,dirichlet,gaussian,,"(256, 256)",CG,1e-06,1e-08,15,100,10,200,0,100.00%,2.63,0.48,3,2,67.38,37.86,100,10,0.0318,0.0391,0.4225,0.0004,0.0849,0.0630,0.8947,0.0406,16.9778,17.2519,0,,,0.001,GAUSSIAN,6.87x
reactdiff_091_summary.txt,GPU,Finite Difference,float64,time,200,dirichlet,dirichlet,gaussian,,"(256, 256)",GMRES,1e-06,1e-08,15,100,10,200,0,100.00%,2.63,0.48,3,2,5.00,0.00,5,5,0.0390,0.0417,0.5129,0.0004,0.1039,0.0756,1.0232,0.0597,20.7815,21.0574,0,,,0.001,GAUSSIAN,8.41x
reactdiff_027_summary.txt,GPU,Finite Difference,float32,time,200,dirichlet,dirichlet,gaussian,,"(256, 256)",GMRES,0.0001,1e-06,15,100,10,154,46,77.00%,12.17,2.21,15,8,5.00,0.00,5,5,0.0594,0.0186,0.4130,0.0004,0.7241,0.1819,1.6666,0.4363,144.8267,145.1004,0,,,0.001,GAUSSIAN,58.63x
reactdiff_028_summary.txt,GPU,Finite Difference,float32,time,200,dirichlet,dirichlet,gaussian,,"(256, 256)",CG,0.0001,1e-06,15,100,10,5,195,2.50%,15.00,0.00,15,15,100.00,0.00,100,100,0.0711,0.0099,0.4195,0.0004,1.0679,0.0554,1.7816,1.0068,213.5791,215.9858,0,,,0.001,GAUSSIAN,86.46x
reactdiff_026_summary.txt,GPU,Automatic Differentiation,float32,time,200,dirichlet,dirichlet,gaussian,,"(512, 512)",CG,0.0001,1e-06,15,100,10,200,0,100.00%,2.00,0.00,2,2,7.21,0.67,12,7,0.0056,0.0074,0.1164,0.0004,0.0123,0.0151,0.2247,0.0109,2.4563,2.7711,0,,,0.001,GAUSSIAN,1.00x
reactdiff_025_summary.txt,GPU,Automatic Differentiation,float32,time,200,dirichlet,dirichlet,gaussian,,"(512, 512)",BICGSTAB,0.0001,1e-06,15,100,10,200,0,100.00%,2.00,0.00,2,2,3.98,0.43,7,3,0.0068,0.0083,0.1202,0.0004,0.0148,0.0152,0.2286,0.0125,2.9623,3.2768,0,,,0.001,GAUSSIAN,1.21x
reactdiff_090_summary.txt,GPU,Automatic Differentiation,float64,time,200,dirichlet,dirichlet,gaussian,,"(512, 512)",CG,1e-06,1e-08,15,100,10,200,0,100.00%,2.43,0.50,3,2,6.27,2.78,16,3,0.0060,0.0077,0.1409,0.0004,0.0159,0.0201,0.2863,0.0084,3.1830,3.5118,0,,,0.001,GAUSSIAN,1.30x
reactdiff_089_summary.txt,GPU,Automatic Differentiation,float64,time,200,dirichlet,dirichlet,gaussian,,"(512, 512)",BICGSTAB,1e-06,1e-08,15,100,10,200,0,100.00%,2.43,0.50,3,2,3.35,1.52,10,1,0.0070,0.0084,0.1455,0.0004,0.0184,0.0208,0.2949,0.0090,3.6759,4.0070,0,,,0.001,GAUSSIAN,1.50x
reactdiff_024_summary.txt,GPU,Automatic Differentiation,float32,time,200,dirichlet,dirichlet,gaussian,,"(512, 512)",GMRES,0.0001,1e-06,15,100,10,200,0,100.00%,2.00,0.00,2,2,1.00,0.00,1,1,0.0087,0.0098,0.1199,0.0004,0.0186,0.0149,0.2281,0.0173,3.7170,4.0319,0,,,0.001,GAUSSIAN,1.51x
reactdiff_088_summary.txt,GPU,Automatic Differentiation,float64,time,200,dirichlet,dirichlet,gaussian,,"(512, 512)",GMRES,1e-06,1e-08,15,100,10,200,0,100.00%,2.43,0.50,3,2,1.00,0.00,1,1,0.0108,0.0104,0.1430,0.0005,0.0277,0.0208,0.2937,0.0186,5.5394,5.8671,0,,,0.001,GAUSSIAN,2.26x
reactdiff_094_summary.txt,GPU,Finite Difference,float64,time,200,dirichlet,dirichlet,gaussian,,"(512, 512)",CG,1e-06,1e-08,15,100,10,200,0,100.00%,2.43,0.50,3,2,48.30,35.54,100,12,0.0235,0.0391,0.4805,0.0004,0.0583,0.0772,1.0060,0.0184,11.6530,11.9801,0,,,0.001,GAUSSIAN,4.74x
reactdiff_093_summary.txt,GPU,Finite Difference,float64,time,200,dirichlet,dirichlet,gaussian,,"(512, 512)",GMRES,1e-06,1e-08,15,100,10,200,0,100.00%,2.43,0.50,3,2,5.00,0.00,5,5,0.0374,0.0449,0.5613,0.0004,0.0920,0.0830,1.1144,0.0595,18.4089,18.7382,0,,,0.001,GAUSSIAN,7.49x
reactdiff_029_summary.txt,GPU,Finite Difference,float32,time,200,dirichlet,dirichlet,gaussian,,"(512, 512)",GMRES,0.0001,1e-06,15,100,10,0,200,0.00%,15.00,0.00,15,15,5.00,0.00,5,5,0.0643,0.0105,0.4499,0.0583,0.9663,0.0604,1.7600,0.9297,193.2530,193.5691,0,,,0.001,GAUSSIAN,78.68x
reactdiff_030_summary.txt,GPU,Finite Difference,float32,time,200,dirichlet,dirichlet,gaussian,,"(512, 512)",CG,0.0001,1e-06,15,100,10,0,200,0.00%,15.00,0.00,15,15,100.00,0.00,100,100,0.0721,0.0095,0.4273,0.0672,1.0821,0.0544,1.7943,1.0465,216.4292,216.7485,0,,,0.001,GAUSSIAN,88.11x
reactdiff_075_summary.txt,GPU,Automatic Differentiation,float64,time,200,dirichlet,dirichlet,gaussian,,"(256, 256)",CG,1e-06,1e-08,15,100,10,200,0,100.00%,2.00,0.00,2,2,5.76,2.07,17,4,0.0053,0.0073,0.1181,0.0004,0.0117,0.0152,0.2245,0.0089,2.3375,2.6222,0,,,0.01,GAUSSIAN,1.00x
reactdiff_013_summary.txt,GPU,Automatic Differentiation,float32,time,200,dirichlet,dirichlet,gaussian,,"(256, 256)",CG,0.0001,1e-06,15,100,10,200,0,100.00%,2.00,0.00,2,2,7.26,0.75,12,7,0.0055,0.0068,0.0994,0.0004,0.0122,0.0128,0.1922,0.0109,2.4306,2.7064,0,,,0.01,GAUSSIAN,1.04x
reactdiff_074_summary.txt,GPU,Automatic Differentiation,float64,time,200,dirichlet,dirichlet,gaussian,,"(256, 256)",BICGSTAB,1e-06,1e-08,15,100,10,200,0,100.00%,2.00,0.00,2,2,3.26,1.15,10,2,0.0062,0.0082,0.1226,0.0004,0.0136,0.0154,0.2284,0.0097,2.7299,3.0149,0,,,0.01,GAUSSIAN,1.17x
reactdiff_012_summary.txt,GPU,Automatic Differentiation,float32,time,200,dirichlet,dirichlet,gaussian,,"(256, 256)",BICGSTAB,0.0001,1e-06,15,100,10,200,0,100.00%,2.00,0.00,2,2,4.07,0.43,7,3,0.0067,0.0078,0.1053,0.0004,0.0144,0.0131,0.1985,0.0123,2.8834,3.1608,0,,,0.01,GAUSSIAN,1.23x
reactdiff_011_summary.txt,GPU,Automatic Differentiation,float32,time,200,dirichlet,dirichlet,gaussian,,"(256, 256)",GMRES,0.0001,1e-06,15,100,10,200,0,100.00%,2.00,0.00,2,2,1.00,0.00,1,1,0.0086,0.0093,0.1049,0.0004,0.0184,0.0128,0.1992,0.0172,3.6704,3.9396,0,,,0.01,GAUSSIAN,1.57x
reactdiff_080_summary.txt,GPU,Finite Difference,float64,time,200,dirichlet,dirichlet,gaussian,,"(256, 256)",BICGSTAB,1e-06,1e-08,15,100,10,200,0,100.00%,2.00,0.00,2,2,4.78,2.16,17,3,0.0092,0.0299,0.4686,0.0004,0.0196,0.0467,0.5766,0.0113,3.9202,4.1997,0,,,0.01,GAUSSIAN,1.68x
reactdiff_073_summary.txt,GPU,Automatic Differentiation,float64,time,200,dirichlet,dirichlet,gaussian,,"(256, 256)",GMRES,1e-06,1e-08,15,100,10,200,0,100.00%,2.00,0.00,2,2,1.00,0.00,1,1,0.0093,0.0101,0.1174,0.0004,0.0198,0.0145,0.2241,0.0180,3.9501,4.2343,0,,,0.01,GAUSSIAN,1.69x
reactdiff_081_summary.txt,GPU,Finite Difference,float64,time,200,dirichlet,dirichlet,gaussian,,"(256, 256)",CG,1e-06,1e-08,15,100,10,200,0,100.00%,2.00,0.00,2,2,83.21,22.39,100,36,0.0309,0.0391,0.4268,0.0004,0.0629,0.0405,0.5328,0.0309,12.5865,12.8662,0,,,0.01,GAUSSIAN,5.38x
reactdiff_079_summary.txt,GPU,Finite Difference,float64,time,200,dirichlet,dirichlet,gaussian,,"(256, 256)",GMRES,1e-06,1e-08,15,100,10,200,0,100.00%,2.00,0.00,2,2,5.00,0.00,5,5,0.0332,0.0428,0.5032,0.0004,0.0677,0.0450,0.6091,0.0594,13.5358,13.8200,0,,,0.01,GAUSSIAN,5.79x
reactdiff_017_summary.txt,GPU,Finite Difference,float32,time,200,dirichlet,dirichlet,gaussian,,"(256, 256)",GMRES,0.0001,1e-06,15,100,10,11,189,5.50%,14.98,0.17,15,13,5.00,0.00,5,5,0.0641,0.0105,0.4122,0.0004,0.9614,0.0585,1.6721,0.7809,192.2831,192.5610,0,,,0.01,GAUSSIAN,82.26x
reactdiff_018_summary.txt,GPU,Finite Difference,float32,time,200,dirichlet,dirichlet,gaussian,,"(256, 256)",CG,0.0001,1e-06,15,100,10,0,200,0.00%,15.00,0.00,15,15,100.00,0.00,100,100,0.0725,0.0091,0.3993,0.0671,1.0880,0.0504,1.7388,1.0508,217.6040,217.8796,0,,,0.01,GAUSSIAN,93.09x
reactdiff_078_summary.txt,GPU,Automatic Differentiation,float64,time,200,dirichlet,dirichlet,gaussian,,"(512, 512)",CG,1e-06,1e-08,15,100,10,200,0,100.00%,2.00,0.00,2,2,5.86,2.25,17,4,0.0051,0.0081,0.1393,0.0004,0.0115,0.0181,0.2657,0.0090,2.2978,2.6245,0,,,0.01,GAUSSIAN,1.00x
reactdiff_016_summary.txt,GPU,Automatic Differentiation,float32,time,200,dirichlet,dirichlet,gaussian,,"(512, 512)",CG,0.0001,1e-06,15,100,10,200,0,100.00%,2.00,0.00,2,2,8.28,0.77,13,8,0.0059,0.0076,0.1173,0.0004,0.0130,0.0151,0.2258,0.0116,2.5952,2.9107,0,,,0.01,GAUSSIAN,1.13x
reactdiff_077_summary.txt,GPU,Automatic Differentiation,float64,time,200,dirichlet,dirichlet,gaussian,,"(512, 512)",BICGSTAB,1e-06,1e-08,15,100,10,200,0,100.00%,2.00,0.00,2,2,3.31,1.23,10,2,0.0060,0.0088,0.1434,0.0004,0.0133,0.0183,0.2706,0.0098,2.6611,2.9908,0,,,0.01,GAUSSIAN,1.16x
reactdiff_015_summary.txt,GPU,Automatic Differentiation,float32,time,200,dirichlet,dirichlet,gaussian,,"(512, 512)",BICGSTAB,0.0001,1e-06,15,100,10,200,0,100.00%,2.00,0.00,2,2,4.18,0.55,8,4,0.0071,0.0086,0.1220,0.0004,0.0153,0.0153,0.2309,0.0138,3.0563,3.3754,0,,,0.01,GAUSSIAN,1.33x
reactdiff_014_summary.txt,GPU,Automatic Differentiation,float32,time,200,dirichlet,dirichlet,gaussian,,"(512, 512)",GMRES,0.0001,1e-06,15,100,10,200,0,100.00%,2.00,0.00,2,2,1.00,0.00,1,1,0.0087,0.0098,0.1198,0.0004,0.0186,0.0148,0.2278,0.0172,3.7102,4.0261,0,,,0.01,GAUSSIAN,1.61x
reactdiff_083_summary.txt,GPU,Finite Difference,float64,time,200,dirichlet,dirichlet,gaussian,,"(512, 512)",BICGSTAB,1e-06,1e-08,15,100,10,200,0,100.00%,2.00,0.00,2,2,5.12,2.16,13,3,0.0093,0.0322,0.5131,0.0004,0.0197,0.0512,0.6400,0.0113,3.9479,4.2785,0,,,0.01,GAUSSIAN,1.72x
reactdiff_076_summary.txt,GPU,Automatic Differentiation,float64,time,200,dirichlet,dirichlet,gaussian,,"(512, 512)",GMRES,1e-06,1e-08,15,100,10,200,0,100.00%,2.00,0.00,2,2,1.00,0.00,1,1,0.0093,0.0108,0.1389,0.0004,0.0199,0.0175,0.2654,0.0170,3.9842,4.3149,0,,,0.01,GAUSSIAN,1.73x
reactdiff_082_summary.txt,GPU,Finite Difference,float64,time,200,dirichlet,dirichlet,gaussian,,"(512, 512)",GMRES,1e-06,1e-08,15,100,10,200,0,100.00%,2.00,0.00,2,2,5.00,0.00,5,5,0.0318,0.0435,0.5471,0.0004,0.0648,0.0501,0.6735,0.0595,12.9577,13.2876,0,,,0.01,GAUSSIAN,5.64x
reactdiff_084_summary.txt,GPU,Finite Difference,float64,time,200,dirichlet,dirichlet,gaussian,,"(512, 512)",CG,1e-06,1e-08,15,100,10,200,0,100.00%,2.00,0.00,2,2,99.75,3.46,100,51,0.0360,0.0445,0.4984,0.0004,0.0732,0.0455,0.6267,0.0683,14.6342,14.9679,0,,,0.01,GAUSSIAN,6.37x
reactdiff_019_summary.txt,GPU,Finite Difference,float32,time,200,dirichlet,dirichlet,gaussian,,"(512, 512)",GMRES,0.0001,1e-06,15,100,10,0,200,0.00%,15.00,0.00,15,15,5.00,0.00,5,5,0.0647,0.0102,0.4364,0.0587,0.9716,0.0583,1.7383,0.9399,194.3170,194.6308,0,,,0.01,GAUSSIAN,84.57x
reactdiff_020_summary.txt,GPU,Finite Difference,float32,time,200,dirichlet,dirichlet,gaussian,,"(512, 512)",CG,0.0001,1e-06,15,100,10,0,200,0.00%,15.00,0.00,15,15,100.00,0.00,100,100,0.0723,0.0093,0.4190,0.0675,1.0857,0.0543,1.8020,1.0479,217.1439,217.4485,0,,,0.01,GAUSSIAN,94.50x
reactdiff_063_summary.txt,GPU,Automatic Differentiation,float64,time,200,dirichlet,dirichlet,gaussian,,"(256, 256)",CG,1e-06,1e-08,15,100,10,200,0,100.00%,2.00,0.00,2,2,5.82,2.18,17,4,0.0050,0.0070,0.1138,0.0004,0.0111,0.0148,0.2185,0.0089,2.2284,2.4991,0,,,0.1,GAUSSIAN,1.00x
reactdiff_003_summary.txt,GPU,Automatic Differentiation,float32,time,200,dirichlet,dirichlet,gaussian,,"(256, 256)",CG,0.0001,1e-06,15,100,10,200,0,100.00%,2.00,0.00,2,2,7.33,0.87,13,7,0.0055,0.0069,0.1031,0.0004,0.0121,0.0132,0.1978,0.0109,2.4299,2.7010,0,,,0.1,GAUSSIAN,1.09x
reactdiff_062_summary.txt,GPU,Automatic Differentiation,float64,time,200,dirichlet,dirichlet,gaussian,,"(256, 256)",BICGSTAB,1e-06,1e-08,15,100,10,200,0,100.00%,2.00,0.00,2,2,3.29,1.19,10,2,0.0060,0.0078,0.1179,0.0004,0.0131,0.0148,0.2205,0.0097,2.6255,2.8969,0,,,0.1,GAUSSIAN,1.18x
reactdiff_002_summary.txt,GPU,Automatic Differentiation,float32,time,200,dirichlet,dirichlet,gaussian,,"(256, 256)",BICGSTAB,0.0001,1e-06,15,100,10,200,0,100.00%,2.00,0.00,2,2,4.17,0.47,7,4,0.0067,0.0079,0.1059,0.0004,0.0145,0.0132,0.2007,0.0130,2.9092,3.1813,0,,,0.1,GAUSSIAN,1.31x
reactdiff_068_summary.txt,GPU,Finite Difference,float64,time,200,dirichlet,dirichlet,gaussian,,"(256, 256)",BICGSTAB,1e-06,1e-08,15,100,10,200,0,100.00%,2.00,0.00,2,2,4.61,2.14,15,3,0.0087,0.0296,0.4657,0.0004,0.0185,0.0463,0.5719,0.0113,3.6902,3.9733,0,,,0.1,GAUSSIAN,1.66x
reactdiff_061_summary.txt,GPU,Automatic Differentiation,float64,time,200,dirichlet,dirichlet,gaussian,,"(256, 256)",GMRES,1e-06,1e-08,15,100,10,200,0,100.00%,2.00,0.00,2,2,1.00,0.00,1,1,0.0099,0.0279,0.5195,0.0004,0.0213,0.0485,0.6877,0.0170,4.2603,4.6602,0,,,0.1,GAUSSIAN,1.91x
reactdiff_001_summary.txt,GPU,Automatic Differentiation,float32,time,200,dirichlet,dirichlet,gaussian,,"(256, 256)",GMRES,0.0001,1e-06,15,100,10,200,0,100.00%,2.00,0.00,2,2,1.00,0.00,1,1,0.0099,0.0257,0.4710,0.0004,0.0214,0.0465,0.6586,0.0172,4.2719,4.8587,0,,,0.1,GAUSSIAN,1.92x
reactdiff_067_summary.txt,GPU,Finite Difference,float64,time,200,dirichlet,dirichlet,gaussian,,"(256, 256)",GMRES,1e-06,1e-08,15,100,10,200,0,100.00%,2.00,0.00,2,2,5.00,0.00,5,5,0.0319,0.0454,0.6241,0.0004,0.0650,0.0528,0.7297,0.0595,12.9978,13.2814,0,,,0.1,GAUSSIAN,5.83x
reactdiff_069_summary.txt,GPU,Finite Difference,float64,time,200,dirichlet,dirichlet,gaussian,,"(256, 256)",CG,1e-06,1e-08,15,100,10,200,0,100.00%,2.00,0.00,2,2,99.84,2.26,100,68,0.0364,0.0460,0.5646,0.0004,0.0740,0.0470,0.6710,0.0688,14.7978,15.0777,0,,,0.1,GAUSSIAN,6.64x
reactdiff_007_summary.txt,GPU,Finite Difference,float32,time,200,dirichlet,dirichlet,gaussian,,"(256, 256)",GMRES,0.0001,1e-06,15,100,10,0,200,0.00%,15.00,0.00,15,15,5.00,0.00,5,5,0.0646,0.0118,0.5680,0.0583,0.9702,0.0655,1.8422,0.9327,194.0415,194.3226,0,,,0.1,GAUSSIAN,87.08x
reactdiff_008_summary.txt,GPU,Finite Difference,float32,time,200,dirichlet,dirichlet,gaussian,,"(256, 256)",CG,0.0001,1e-06,15,100,10,0,200,0.00%,15.00,0.00,15,15,100.00,0.00,100,100,0.0725,0.0110,0.5453,0.0674,1.0883,0.0615,1.9065,1.0479,217.6559,217.9352,0,,,0.1,GAUSSIAN,97.67x
reactdiff_066_summary.txt,GPU,Automatic Differentiation,float64,time,200,dirichlet,dirichlet,gaussian,,"(512, 512)",CG,1e-06,1e-08,15,100,10,200,0,100.00%,2.00,0.00,2,2,5.99,2.33,17,4,0.0052,0.0081,0.1389,0.0004,0.0116,0.0182,0.2667,0.0090,2.3108,2.6423,0,,,0.1,GAUSSIAN,1.00x
reactdiff_006_summary.txt,GPU,Automatic Differentiation,float32,time,200,dirichlet,dirichlet,gaussian,,"(512, 512)",CG,0.0001,1e-06,15,100,10,200,0,100.00%,2.00,0.00,2,2,8.35,0.85,13,8,0.0059,0.0076,0.1168,0.0004,0.0129,0.0151,0.2259,0.0115,2.5897,2.9079,0,,,0.1,GAUSSIAN,1.12x
reactdiff_065_summary.txt,GPU,Automatic Differentiation,float64,time,200,dirichlet,dirichlet,gaussian,,"(512, 512)",BICGSTAB,1e-06,1e-08,15,100,10,200,0,100.00%,2.00,0.00,2,2,3.35,1.26,10,2,0.0061,0.0090,0.1473,0.0004,0.0135,0.0187,0.2763,0.0097,2.6901,3.0226,0,,,0.1,GAUSSIAN,1.16x
reactdiff_005_summary.txt,GPU,Automatic Differentiation,float32,time,200,dirichlet,dirichlet,gaussian,,"(512, 512)",BICGSTAB,0.0001,1e-06,15,100,10,200,0,100.00%,2.00,0.00,2,2,4.88,0.55,8,4,0.0074,0.0088,0.1227,0.0004,0.0159,0.0153,0.2316,0.0142,3.1861,3.5054,0,,,0.1,GAUSSIAN,1.38x
reactdiff_071_summary.txt,GPU,Finite Difference,float64,time,200,dirichlet,dirichlet,gaussian,,"(512, 512)",BICGSTAB,1e-06,1e-08,15,100,10,200,0,100.00%,2.00,0.00,2,2,5.25,2.60,20,3,0.0094,0.0325,0.5172,0.0004,0.0200,0.0516,0.6443,0.0113,3.9980,4.3315,0,,,0.1,GAUSSIAN,1.73x
reactdiff_004_summary.txt,GPU,Automatic Differentiation,float32,time,200,dirichlet,dirichlet,gaussian,,"(512, 512)",GMRES,0.0001,1e-06,15,100,10,200,0,100.00%,2.00,0.00,2,2,1.00,0.00,1,1,0.0101,0.0290,0.5344,0.0004,0.0216,0.0481,0.6753,0.0172,4.3138,4.8180,0,,,0.1,GAUSSIAN,1.87x
reactdiff_064_summary.txt,GPU,Automatic Differentiation,float64,time,200,dirichlet,dirichlet,gaussian,,"(512, 512)",GMRES,1e-06,1e-08,15,100,10,200,0,100.00%,2.00,0.00,2,2,1.00,0.00,1,1,0.0107,0.0333,0.6195,0.0004,0.0228,0.0531,0.7439,0.0170,4.5518,4.9564,0,,,0.1,GAUSSIAN,1.97x
reactdiff_070_summary.txt,GPU,Finite Difference,float64,time,200,dirichlet,dirichlet,gaussian,,"(512, 512)",GMRES,1e-06,1e-08,15,100,10,200,0,100.00%,2.00,0.00,2,2,4.98,0.28,5,1,0.0322,0.0484,0.6963,0.0004,0.0657,0.0595,0.8231,0.0596,13.1417,13.4722,0,,,0.1,GAUSSIAN,5.69x
reactdiff_072_summary.txt,GPU,Finite Difference,float64,time,200,dirichlet,dirichlet,gaussian,,"(512, 512)",CG,1e-06,1e-08,15,100,10,200,0,100.00%,2.00,0.00,2,2,99.83,2.47,100,65,0.0374,0.0460,0.5044,0.0004,0.0762,0.0462,0.6326,0.0683,15.2337,15.5677,0,,,0.1,GAUSSIAN,6.59x
reactdiff_009_summary.txt,GPU,Finite Difference,float32,time,200,dirichlet,dirichlet,gaussian,,"(512, 512)",GMRES,0.0001,1e-06,15,100,10,0,200,0.00%,15.00,0.00,15,15,5.00,0.00,5,5,0.0649,0.0121,0.5814,0.0588,0.9743,0.0652,1.8483,0.9239,194.8562,195.1744,0,,,0.1,GAUSSIAN,84.32x
reactdiff_010_summary.txt,GPU,Finite Difference,float32,time,200,dirichlet,dirichlet,gaussian,,"(512, 512)",CG,0.0001,1e-06,15,100,10,0,200,0.00%,15.00,0.00,15,15,100.00,0.00,100,100,0.0722,0.0111,0.5542,0.0674,1.0848,0.0620,1.9076,1.0430,216.9569,217.2616,0,,,0.1,GAUSSIAN,93.89x
reactdiff_053_summary.txt,GPU,Automatic Differentiation,float32,time,200,dirichlet,dirichlet,sinusoidal,,"(256, 256)",CG,0.0001,1e-06,15,100,10,200,0,100.00%,2.08,0.26,3,2,7.53,1.54,13,7,0.0057,0.0068,0.1003,0.0004,0.0129,0.0144,0.2084,0.0108,2.5885,2.8789,0,,,0.001,SINUSOIDAL,1.00x
reactdiff_052_summary.txt,GPU,Automatic Differentiation,float32,time,200,dirichlet,dirichlet,sinusoidal,,"(256, 256)",BICGSTAB,0.0001,1e-06,15,100,10,200,0,100.00%,2.08,0.26,3,2,3.88,0.76,7,3,0.0067,0.0077,0.1058,0.0004,0.0150,0.0148,0.2155,0.0122,3.0091,3.2972,0,,,0.001,SINUSOIDAL,1.16x
reactdiff_051_summary.txt,GPU,Automatic Differentiation,float32,time,200,dirichlet,dirichlet,sinusoidal,,"(256, 256)",GMRES,0.0001,1e-06,15,100,10,200,0,100.00%,2.08,0.26,3,2,1.00,0.00,1,1,0.0089,0.0092,0.1032,0.0004,0.0194,0.0146,0.2161,0.0171,3.8889,4.1795,0,,,0.001,SINUSOIDAL,1.50x
reactdiff_121_summary.txt,GPU,Automatic Differentiation,float64,time,200,dirichlet,dirichlet,sinusoidal,,"(256, 256)",CG,1e-06,1e-08,15,100,10,200,0,100.00%,2.85,0.36,3,2,6.77,2.90,17,3,0.0067,0.0066,0.1168,0.0004,0.0201,0.0161,0.2382,0.0083,4.0105,4.3050,0,,,0.001,SINUSOIDAL,1.55x
reactdiff_120_summary.txt,GPU,Automatic Differentiation,float64,time,200,dirichlet,dirichlet,sinusoidal,,"(256, 256)",BICGSTAB,1e-06,1e-08,15,100,10,200,0,100.00%,2.85,0.36,3,2,3.43,1.49,10,2,0.0077,0.0074,0.1225,0.0004,0.0230,0.0169,0.2480,0.0097,4.6058,4.9016,0,,,0.001,SINUSOIDAL,1.78x
reactdiff_119_summary.txt,GPU,Automatic Differentiation,float64,time,200,dirichlet,dirichlet,sinusoidal,,"(256, 256)",GMRES,1e-06,1e-08,15,100,10,200,0,100.00%,2.85,0.36,3,2,1.00,0.00,1,1,0.0108,0.0088,0.1169,0.0004,0.0320,0.0160,0.2414,0.0171,6.3976,6.6924,0,,,0.001,SINUSOIDAL,2.47x
reactdiff_126_summary.txt,GPU,Finite Difference,float64,time,200,dirichlet,dirichlet,sinusoidal,,"(256, 256)",CG,1e-06,1e-08,15,100,10,200,0,100.00%,2.85,0.36,3,2,54.23,42.46,100,8,0.0273,0.0374,0.4192,0.0004,0.0789,0.0643,0.8844,0.0220,15.7843,16.0910,0,,,0.001,SINUSOIDAL,6.10x
reactdiff_125_summary.txt,GPU,Finite Difference,float64,time,200,dirichlet,dirichlet,sinusoidal,,"(256, 256)",GMRES,1e-06,1e-08,15,100,10,200,0,100.00%,2.85,0.36,3,2,5.00,0.00,5,5,0.0402,0.0400,0.5054,0.0004,0.1153,0.0710,1.0074,0.0591,23.0692,23.3736,0,,,0.001,SINUSOIDAL,8.91x
reactdiff_057_summary.txt,GPU,Finite Difference,float32,time,200,dirichlet,dirichlet,sinusoidal,,"(256, 256)",GMRES,0.0001,1e-06,15,100,10,0,200,0.00%,15.00,0.00,15,15,5.00,0.00,5,5,0.0641,0.0097,0.4114,0.0580,0.9625,0.0535,1.6651,0.9162,192.4924,192.7827,0,,,0.001,SINUSOIDAL,74.36x
reactdiff_058_summary.txt,GPU,Finite Difference,float32,time,200,dirichlet,dirichlet,sinusoidal,,"(256, 256)",CG,0.0001,1e-06,15,100,10,0,200,0.00%,15.00,0.00,15,15,100.00,0.00,100,100,0.0720,0.0091,0.4001,0.0667,1.0805,0.0514,1.7500,1.0377,216.0980,216.3860,0,,,0.001,SINUSOIDAL,83.48x
reactdiff_056_summary.txt,GPU,Automatic Differentiation,float32,time,200,dirichlet,dirichlet,sinusoidal,,"(512, 512)",CG,0.0001,1e-06,15,100,10,200,0,100.00%,2.00,0.00,2,2,7.42,0.85,13,7,0.0056,0.0074,0.1153,0.0004,0.0123,0.0151,0.2245,0.0108,2.4516,2.7963,0,,,0.001,SINUSOIDAL,1.00x
reactdiff_055_summary.txt,GPU,Automatic Differentiation,float32,time,200,dirichlet,dirichlet,sinusoidal,,"(512, 512)",BICGSTAB,0.0001,1e-06,15,100,10,200,0,100.00%,2.00,0.00,2,2,3.93,0.52,7,3,0.0066,0.0083,0.1222,0.0004,0.0144,0.0153,0.2304,0.0122,2.8848,3.2267,0,,,0.001,SINUSOIDAL,1.18x
reactdiff_054_summary.txt,GPU,Automatic Differentiation,float32,time,200,dirichlet,dirichlet,sinusoidal,,"(512, 512)",GMRES,0.0001,1e-06,15,100,10,200,0,100.00%,2.00,0.00,2,2,1.00,0.00,1,1,0.0086,0.0097,0.1180,0.0004,0.0184,0.0147,0.2264,0.0172,3.6815,4.0254,0,,,0.001,SINUSOIDAL,1.50x
reactdiff_124_summary.txt,GPU,Automatic Differentiation,float64,time,200,dirichlet,dirichlet,sinusoidal,,"(512, 512)",CG,1e-06,1e-08,15,100,10,200,0,100.00%,2.71,0.45,3,2,6.56,2.94,17,3,0.0065,0.0074,0.1381,0.0004,0.0187,0.0195,0.2821,0.0083,3.7447,4.1041,0,,,0.001,SINUSOIDAL,1.53x
reactdiff_123_summary.txt,GPU,Automatic Differentiation,float64,time,200,dirichlet,dirichlet,sinusoidal,,"(512, 512)",BICGSTAB,1e-06,1e-08,15,100,10,200,0,100.00%,2.71,0.45,3,2,3.39,1.56,10,1,0.0074,0.0080,0.1429,0.0004,0.0213,0.0200,0.2888,0.0090,4.2665,4.6220,0,,,0.001,SINUSOIDAL,1.74x
reactdiff_122_summary.txt,GPU,Automatic Differentiation,float64,time,200,dirichlet,dirichlet,sinusoidal,,"(512, 512)",GMRES,1e-06,1e-08,15,100,10,200,0,100.00%,2.71,0.45,3,2,1.00,0.00,1,1,0.0106,0.0094,0.1388,0.0004,0.0300,0.0195,0.2842,0.0171,6.0094,6.3606,0,,,0.001,SINUSOIDAL,2.45x
reactdiff_128_summary.txt,GPU,Finite Difference,float64,time,200,dirichlet,dirichlet,sinusoidal,,"(512, 512)",CG,1e-06,1e-08,15,100,10,200,0,100.00%,2.71,0.45,3,2,47.85,43.98,100,8,0.0247,0.0398,0.4766,0.0004,0.0682,0.0765,0.9965,0.0141,13.6438,14.0069,0,,,0.001,SINUSOIDAL,5.57x
reactdiff_127_summary.txt,GPU,Finite Difference,float64,time,200,dirichlet,dirichlet,sinusoidal,,"(512, 512)",GMRES,1e-06,1e-08,15,100,10,200,0,100.00%,2.71,0.45,3,2,5.00,0.00,5,5,0.0395,0.0425,0.5488,0.0004,0.1084,0.0794,1.0942,0.0597,21.6795,22.0355,0,,,0.001,SINUSOIDAL,8.84x
reactdiff_059_summary.txt,GPU,Finite Difference,float32,time,200,dirichlet,dirichlet,sinusoidal,,"(512, 512)",GMRES,0.0001,1e-06,15,100,10,0,200,0.00%,15.00,0.00,15,15,5.00,0.00,5,5,0.0640,0.0101,0.4329,0.0579,0.9612,0.0561,1.6956,0.9182,192.2454,192.5872,0,,,0.001,SINUSOIDAL,78.42x
reactdiff_060_summary.txt,GPU,Finite Difference,float32,time,200,dirichlet,dirichlet,sinusoidal,,"(512, 512)",CG,0.0001,1e-06,15,100,10,0,200,0.00%,15.00,0.00,15,15,100.00,0.00,100,100,0.0718,0.0093,0.4172,0.0661,1.0782,0.0530,1.7674,1.0369,215.6420,215.9827,0,,,0.001,SINUSOIDAL,87.96x
reactdiff_109_summary.txt,GPU,Automatic Differentiation,float64,time,200,dirichlet,dirichlet,sinusoidal,,"(256, 256)",CG,1e-06,1e-08,15,100,10,200,0,100.00%,2.04,0.18,3,2,6.74,2.90,18,4,0.0054,0.0074,0.1177,0.0004,0.0121,0.0167,0.2417,0.0089,2.4289,2.7311,0,,,0.01,SINUSOIDAL,1.00x
reactdiff_043_summary.txt,GPU,Automatic Differentiation,float32,time,200,dirichlet,dirichlet,sinusoidal,,"(256, 256)",CG,0.0001,1e-06,15,100,10,200,0,100.00%,2.00,0.00,2,2,7.63,0.97,13,7,0.0056,0.0070,0.1022,0.0004,0.0124,0.0132,0.1990,0.0109,2.4714,2.7713,0,,,0.01,SINUSOIDAL,1.02x
reactdiff_108_summary.txt,GPU,Automatic Differentiation,float64,time,200,dirichlet,dirichlet,sinusoidal,,"(256, 256)",BICGSTAB,1e-06,1e-08,15,100,10,200,0,100.00%,2.04,0.18,3,2,3.66,1.59,11,2,0.0064,0.0083,0.1233,0.0004,0.0142,0.0177,0.2528,0.0097,2.8335,3.1363,0,,,0.01,SINUSOIDAL,1.17x
reactdiff_042_summary.txt,GPU,Automatic Differentiation,float32,time,200,dirichlet,dirichlet,sinusoidal,,"(256, 256)",BICGSTAB,0.0001,1e-06,15,100,10,200,0,100.00%,2.00,0.00,2,2,4.01,0.57,8,3,0.0067,0.0079,0.1097,0.0004,0.0144,0.0135,0.2050,0.0123,2.8876,3.1891,0,,,0.01,SINUSOIDAL,1.19x
reactdiff_041_summary.txt,GPU,Automatic Differentiation,float32,time,200,dirichlet,dirichlet,sinusoidal,,"(256, 256)",GMRES,0.0001,1e-06,15,100,10,200,0,100.00%,2.00,0.00,2,2,1.00,0.00,1,1,0.0087,0.0093,0.1049,0.0004,0.0184,0.0130,0.2021,0.0172,3.6798,3.9822,0,,,0.01,SINUSOIDAL,1.52x
reactdiff_107_summary.txt,GPU,Automatic Differentiation,float64,time,200,dirichlet,dirichlet,sinusoidal,,"(256, 256)",GMRES,1e-06,1e-08,15,100,10,200,0,100.00%,2.04,0.18,3,2,1.00,0.00,1,1,0.0087,0.0095,0.1168,0.0004,0.0188,0.0160,0.2408,0.0170,3.7668,4.0721,0,,,0.01,SINUSOIDAL,1.55x
reactdiff_114_summary.txt,GPU,Finite Difference,float64,time,200,dirichlet,dirichlet,sinusoidal,,"(256, 256)",BICGSTAB,1e-06,1e-08,15,100,10,200,0,100.00%,2.04,0.18,3,2,7.05,14.31,100,3,0.0123,0.0403,0.4731,0.0004,0.0263,0.0819,1.0123,0.0113,5.2692,5.5741,0,,,0.01,SINUSOIDAL,2.17x
reactdiff_115_summary.txt,GPU,Finite Difference,float64,time,200,dirichlet,dirichlet,sinusoidal,,"(256, 256)",CG,1e-06,1e-08,15,100,10,200,0,100.00%,2.04,0.18,3,2,23.59,15.53,100,13,0.0135,0.0329,0.4164,0.0004,0.0286,0.0674,0.8912,0.0158,5.7229,6.0266,0,,,0.01,SINUSOIDAL,2.36x
reactdiff_113_summary.txt,GPU,Finite Difference,float64,time,200,dirichlet,dirichlet,sinusoidal,,"(256, 256)",GMRES,1e-06,1e-08,15,100,10,200,0,100.00%,2.04,0.18,3,2,5.00,0.00,5,5,0.0339,0.0462,0.5122,0.0004,0.0701,0.0740,1.0219,0.0595,14.0203,14.3225,0,,,0.01,SINUSOIDAL,5.77x
reactdiff_047_summary.txt,GPU,Finite Difference,float32,time,200,dirichlet,dirichlet,sinusoidal,,"(256, 256)",GMRES,0.0001,1e-06,15,100,10,0,200,0.00%,15.00,0.00,15,15,5.00,0.00,5,5,0.0646,0.0099,0.4191,0.0583,0.9697,0.0565,1.7021,0.9195,193.9323,194.2345,0,,,0.01,SINUSOIDAL,79.84x
reactdiff_048_summary.txt,GPU,Finite Difference,float32,time,200,dirichlet,dirichlet,sinusoidal,,"(256, 256)",CG,0.0001,1e-06,15,100,10,0,200,0.00%,15.00,0.00,15,15,100.00,0.00,100,100,0.0724,0.0092,0.4032,0.0670,1.0875,0.0519,1.7648,1.0479,217.4941,217.7962,0,,,0.01,SINUSOIDAL,89.54x
reactdiff_112_summary.txt,GPU,Automatic Differentiation,float64,time,200,dirichlet,dirichlet,sinusoidal,,"(512, 512)",CG,1e-06,1e-08,15,100,10,200,0,100.00%,2.00,0.00,2,2,6.37,2.29,18,4,0.0058,0.0084,0.1398,0.0005,0.0129,0.0182,0.2689,0.0100,2.5891,2.9446,0,,,0.01,SINUSOIDAL,1.00x
reactdiff_046_summary.txt,GPU,Automatic Differentiation,float32,time,200,dirichlet,dirichlet,sinusoidal,,"(512, 512)",CG,0.0001,1e-06,15,100,10,200,0,100.00%,2.00,0.00,2,2,8.46,0.85,13,8,0.0059,0.0077,0.1184,0.0004,0.0130,0.0154,0.2295,0.0115,2.5967,2.9459,0,,,0.01,SINUSOIDAL,1.00x
reactdiff_111_summary.txt,GPU,Automatic Differentiation,float64,time,200,dirichlet,dirichlet,sinusoidal,,"(512, 512)",BICGSTAB,1e-06,1e-08,15,100,10,200,0,100.00%,2.00,0.00,2,2,3.48,1.26,10,2,0.0062,0.0089,0.1437,0.0004,0.0137,0.0184,0.2721,0.0097,2.7396,3.0964,0,,,0.01,SINUSOIDAL,1.06x
reactdiff_045_summary.txt,GPU,Automatic Differentiation,float32,time,200,dirichlet,dirichlet,sinusoidal,,"(512, 512)",BICGSTAB,0.0001,1e-06,15,100,10,200,0,100.00%,2.00,0.00,2,2,4.34,0.59,7,4,0.0072,0.0086,0.1209,0.0004,0.0156,0.0153,0.2312,0.0132,3.1160,3.4660,0,,,0.01,SINUSOIDAL,1.20x
reactdiff_110_summary.txt,GPU,Automatic Differentiation,float64,time,200,dirichlet,dirichlet,sinusoidal,,"(512, 512)",GMRES,1e-06,1e-08,15,100,10,200,0,100.00%,2.00,0.00,2,2,1.00,0.00,1,1,0.0086,0.0102,0.1380,0.0004,0.0185,0.0177,0.2677,0.0169,3.6905,4.0491,0,,,0.01,SINUSOIDAL,1.43x
reactdiff_044_summary.txt,GPU,Automatic Differentiation,float32,time,200,dirichlet,dirichlet,sinusoidal,,"(512, 512)",GMRES,0.0001,1e-06,15,100,10,200,0,100.00%,2.00,0.00,2,2,1.00,0.00,1,1,0.0087,0.0097,0.1209,0.0004,0.0185,0.0151,0.2318,0.0172,3.6907,4.0398,0,,,0.01,SINUSOIDAL,1.43x
reactdiff_117_summary.txt,GPU,Finite Difference,float64,time,200,dirichlet,dirichlet,sinusoidal,,"(512, 512)",BICGSTAB,1e-06,1e-08,15,100,10,200,0,100.00%,2.00,0.00,2,2,4.59,1.50,11,3,0.0090,0.0321,0.5110,0.0004,0.0192,0.0512,0.6391,0.0116,3.8375,4.1938,0,,,0.01,SINUSOIDAL,1.48x
reactdiff_118_summary.txt,GPU,Finite Difference,float64,time,200,dirichlet,dirichlet,sinusoidal,,"(512, 512)",CG,1e-06,1e-08,15,100,10,200,0,100.00%,2.00,0.00,2,2,27.16,4.63,37,19,0.0135,0.0307,0.4771,0.0004,0.0282,0.0470,0.6057,0.0193,5.6338,5.9890,0,,,0.01,SINUSOIDAL,2.18x
reactdiff_116_summary.txt,GPU,Finite Difference,float64,time,200,dirichlet,dirichlet,sinusoidal,,"(512, 512)",GMRES,1e-06,1e-08,15,100,10,200,0,100.00%,2.00,0.00,2,2,5.00,0.00,5,5,0.0317,0.0437,0.5484,0.0004,0.0647,0.0506,0.6777,0.0592,12.9328,13.2892,0,,,0.01,SINUSOIDAL,5.00x
reactdiff_049_summary.txt,GPU,Finite Difference,float32,time,200,dirichlet,dirichlet,sinusoidal,,"(512, 512)",GMRES,0.0001,1e-06,15,100,10,0,200,0.00%,15.00,0.00,15,15,5.00,0.00,5,5,0.0640,0.0102,0.4377,0.0581,0.9608,0.0563,1.7023,0.9275,192.1679,192.5133,0,,,0.01,SINUSOIDAL,74.22x
reactdiff_050_summary.txt,GPU,Finite Difference,float32,time,200,dirichlet,dirichlet,sinusoidal,,"(512, 512)",CG,0.0001,1e-06,15,100,10,0,200,0.00%,15.00,0.00,15,15,100.00,0.00,100,100,0.0719,0.0093,0.4177,0.0668,1.0800,0.0532,1.7714,1.0446,215.9940,216.3380,0,,,0.01,SINUSOIDAL,83.42x
reactdiff_097_summary.txt,GPU,Automatic Differentiation,float64,time,200,dirichlet,dirichlet,sinusoidal,,"(256, 256)",CG,1e-06,1e-08,15,100,10,200,0,100.00%,2.00,0.00,2,2,6.52,2.32,18,4,0.0052,0.0073,0.1166,0.0004,0.0116,0.0150,0.2228,0.0089,2.3186,2.6209,0,,,0.1,SINUSOIDAL,1.00x
reactdiff_033_summary.txt,GPU,Automatic Differentiation,float32,time,200,dirichlet,dirichlet,sinusoidal,,"(256, 256)",CG,0.0001,1e-06,15,100,10,200,0,100.00%,2.00,0.00,2,2,7.74,0.98,13,7,0.0057,0.0070,0.1041,0.0004,0.0124,0.0133,0.2005,0.0109,2.4853,2.7895,0,,,0.1,SINUSOIDAL,1.07x
reactdiff_096_summary.txt,GPU,Automatic Differentiation,float64,time,200,dirichlet,dirichlet,sinusoidal,,"(256, 256)",BICGSTAB,1e-06,1e-08,15,100,10,200,0,100.00%,2.00,0.00,2,2,3.53,1.33,11,2,0.0062,0.0082,0.1234,0.0004,0.0136,0.0154,0.2295,0.0098,2.7119,3.0130,0,,,0.1,SINUSOIDAL,1.17x
reactdiff_032_summary.txt,GPU,Automatic Differentiation,float32,time,200,dirichlet,dirichlet,sinusoidal,,"(256, 256)",BICGSTAB,0.0001,1e-06,15,100,10,200,0,100.00%,2.00,0.00,2,2,4.14,0.55,8,3,0.0067,0.0080,0.1093,0.0004,0.0146,0.0136,0.2066,0.0123,2.9141,3.2188,0,,,0.1,SINUSOIDAL,1.26x
reactdiff_095_summary.txt,GPU,Automatic Differentiation,float64,time,200,dirichlet,dirichlet,sinusoidal,,"(256, 256)",GMRES,1e-06,1e-08,15,100,10,200,0,100.00%,2.00,0.00,2,2,1.00,0.00,1,1,0.0086,0.0096,0.1170,0.0004,0.0182,0.0146,0.2241,0.0170,3.6453,3.9484,0,,,0.1,SINUSOIDAL,1.57x
reactdiff_031_summary.txt,GPU,Automatic Differentiation,float32,time,200,dirichlet,dirichlet,sinusoidal,,"(256, 256)",GMRES,0.0001,1e-06,15,100,10,200,0,100.00%,2.00,0.00,2,2,1.00,0.00,1,1,0.0086,0.0094,0.1070,0.0004,0.0183,0.0132,0.2044,0.0172,3.6658,4.0491,0,,,0.1,SINUSOIDAL,1.58x
reactdiff_102_summary.txt,GPU,Finite Difference,float64,time,200,dirichlet,dirichlet,sinusoidal,,"(256, 256)",BICGSTAB,1e-06,1e-08,15,100,10,200,0,100.00%,2.00,0.00,2,2,4.53,1.56,11,3,0.0093,0.0303,0.4803,0.0005,0.0199,0.0473,0.5887,0.0125,3.9787,4.2841,0,,,0.1,SINUSOIDAL,1.72x
reactdiff_103_summary.txt,GPU,Finite Difference,float64,time,200,dirichlet,dirichlet,sinusoidal,,"(256, 256)",CG,1e-06,1e-08,15,100,10,200,0,100.00%,2.00,0.00,2,2,26.75,7.99,45,16,0.0136,0.0279,0.4218,0.0004,0.0283,0.0412,0.5299,0.0179,5.6629,5.9695,0,,,0.1,SINUSOIDAL,2.44x
reactdiff_101_summary.txt,GPU,Finite Difference,float64,time,200,dirichlet,dirichlet,sinusoidal,,"(256, 256)",GMRES,1e-06,1e-08,15,100,10,200,0,100.00%,2.00,0.00,2,2,5.00,0.00,5,5,0.0330,0.0430,0.5119,0.0004,0.0671,0.0461,0.6196,0.0595,13.4168,13.7232,0,,,0.1,SINUSOIDAL,5.79x
reactdiff_037_summary.txt,GPU,Finite Difference,float32,time,200,dirichlet,dirichlet,sinusoidal,,"(256, 256)",GMRES,0.0001,1e-06,15,100,10,0,200,0.00%,15.00,0.00,15,15,5.00,0.00,5,5,0.0646,0.0099,0.4185,0.0583,0.9700,0.0558,1.6988,0.9290,194.0082,194.3113,0,,,0.1,SINUSOIDAL,83.67x
reactdiff_038_summary.txt,GPU,Finite Difference,float32,time,200,dirichlet,dirichlet,sinusoidal,,"(256, 256)",CG,0.0001,1e-06,15,100,10,0,200,0.00%,15.00,0.00,15,15,100.00,0.00,100,100,0.0723,0.0092,0.4035,0.0662,1.0861,0.0519,1.7517,1.0480,217.2208,217.5244,0,,,0.1,SINUSOIDAL,93.69x
reactdiff_100_summary.txt,GPU,Automatic Differentiation,float64,time,200,dirichlet,dirichlet,sinusoidal,,"(512, 512)",CG,1e-06,1e-08,15,100,10,200,0,100.00%,2.00,0.00,2,2,6.52,2.28,18,4,0.0058,0.0084,0.1395,0.0005,0.0130,0.0182,0.2691,0.0099,2.5996,2.9564,0,,,0.1,SINUSOIDAL,1.00x
reactdiff_036_summary.txt,GPU,Automatic Differentiation,float32,time,200,dirichlet,dirichlet,sinusoidal,,"(512, 512)",CG,0.0001,1e-06,15,100,10,200,0,100.00%,2.00,0.00,2,2,8.57,0.87,13,8,0.0060,0.0077,0.1190,0.0004,0.0131,0.0154,0.2307,0.0115,2.6167,2.9660,0,,,0.1,SINUSOIDAL,1.01x
reactdiff_099_summary.txt,GPU,Automatic Differentiation,float64,time,200,dirichlet,dirichlet,sinusoidal,,"(512, 512)",BICGSTAB,1e-06,1e-08,15,100,10,200,0,100.00%,2.00,0.00,2,2,3.53,1.30,10,2,0.0062,0.0090,0.1452,0.0004,0.0137,0.0185,0.2732,0.0098,2.7353,3.0902,0,,,0.1,SINUSOIDAL,1.05x
reactdiff_035_summary.txt,GPU,Automatic Differentiation,float32,time,200,dirichlet,dirichlet,sinusoidal,,"(512, 512)",BICGSTAB,0.0001,1e-06,15,100,10,200,0,100.00%,2.00,0.00,2,2,4.41,0.60,7,4,0.0072,0.0087,0.1212,0.0004,0.0155,0.0154,0.2319,0.0138,3.1018,3.4505,0,,,0.1,SINUSOIDAL,1.19x
reactdiff_098_summary.txt,GPU,Automatic Differentiation,float64,time,200,dirichlet,dirichlet,sinusoidal,,"(512, 512)",GMRES,1e-06,1e-08,15,100,10,200,0,100.00%,2.00,0.00,2,2,1.00,0.00,1,1,0.0086,0.0103,0.1404,0.0004,0.0184,0.0177,0.2677,0.0170,3.6773,4.0312,0,,,0.1,SINUSOIDAL,1.41x
reactdiff_034_summary.txt,GPU,Automatic Differentiation,float32,time,200,dirichlet,dirichlet,sinusoidal,,"(512, 512)",GMRES,0.0001,1e-06,15,100,10,200,0,100.00%,2.00,0.00,2,2,1.00,0.00,1,1,0.0087,0.0098,0.1217,0.0004,0.0186,0.0152,0.2332,0.0173,3.7176,4.1727,0,,,0.1,SINUSOIDAL,1.43x
reactdiff_105_summary.txt,GPU,Finite Difference,float64,time,200,dirichlet,dirichlet,sinusoidal,,"(512, 512)",BICGSTAB,1e-06,1e-08,15,100,10,200,0,100.00%,2.00,0.00,2,2,4.72,1.64,13,3,0.0090,0.0323,0.5156,0.0004,0.0192,0.0515,0.6440,0.0113,3.8487,4.2091,0,,,0.1,SINUSOIDAL,1.48x
reactdiff_106_summary.txt,GPU,Finite Difference,float64,time,200,dirichlet,dirichlet,sinusoidal,,"(512, 512)",CG,1e-06,1e-08,15,100,10,200,0,100.00%,2.00,0.00,2,2,45.59,12.20,67,19,0.0192,0.0334,0.4787,0.0004,0.0397,0.0465,0.6065,0.0216,7.9323,8.2918,0,,,0.1,SINUSOIDAL,3.05x
reactdiff_104_summary.txt,GPU,Finite Difference,float64,time,200,dirichlet,dirichlet,sinusoidal,,"(512, 512)",GMRES,1e-06,1e-08,15,100,10,200,0,100.00%,2.00,0.00,2,2,5.00,0.00,5,5,0.0331,0.0446,0.5539,0.0004,0.0674,0.0507,0.6844,0.0593,13.4858,13.8448,0,,,0.1,SINUSOIDAL,5.19x
reactdiff_039_summary.txt,GPU,Finite Difference,float32,time,200,dirichlet,dirichlet,sinusoidal,,"(512, 512)",GMRES,0.0001,1e-06,15,100,10,0,200,0.00%,15.00,0.00,15,15,5.00,0.00,5,5,0.0646,0.0104,0.4444,0.0586,0.9697,0.0592,1.7459,0.9349,193.9452,194.2981,0,,,0.1,SINUSOIDAL,74.61x
reactdiff_040_summary.txt,GPU,Finite Difference,float32,time,200,dirichlet,dirichlet,sinusoidal,,"(512, 512)",CG,0.0001,1e-06,15,100,10,0,200,0.00%,15.00,0.00,15,15,100.00,0.00,100,100,0.0719,0.0095,0.4256,0.0661,1.0799,0.0558,1.8081,1.0403,215.9899,216.3421,0,,,0.1,SINUSOIDAL,83.09x
maxwell_090_summary.txt,GPU,Automatic Differentiation,float64,omega,20,PEC,PEC,gaussian_center,,"(256, 256)",BICGSTAB,1e-06,1e-08,50,100,10,10,10,50.00%,30.45,21.08,50,3,29.09,5.10,30,0,0.0644,0.0133,0.0731,0.0004,2.0289,1.4996,3.5260,0.0885,40.5782,45.7895,0,0.05,,,GAUSSIAN_CENTER,1.00x
maxwell_094_summary.txt,GPU,Finite Difference,float64,omega,20,PEC,PEC,gaussian_center,,"(256, 256)",BICGSTAB,1e-06,1e-08,50,100,10,10,10,50.00%,30.65,20.76,50,3,29.19,4.59,30,0,0.0657,0.0127,0.0731,0.0004,2.0816,1.4966,3.5216,0.0977,41.6314,46.8762,0,0.05,,,GAUSSIAN_CENTER,1.03x
maxwell_089_summary.txt,GPU,Automatic Differentiation,float64,omega,20,PEC,PEC,gaussian_center,,"(256, 256)",GMRES,1e-06,1e-08,50,100,10,18,2,90.00%,13.10,15.95,50,2,1.00,0.00,1,1,0.2240,0.0578,0.3710,0.0020,3.3242,3.7560,12.0761,0.6467,66.4834,72.0515,0,0.05,,,GAUSSIAN_CENTER,1.64x
maxwell_093_summary.txt,GPU,Finite Difference,float64,omega,20,PEC,PEC,gaussian_center,,"(256, 256)",GMRES,1e-06,1e-08,50,100,10,18,2,90.00%,13.10,15.95,50,2,1.00,0.00,1,1,0.2259,0.0578,0.3200,0.0020,3.3541,3.7968,12.1430,0.6617,67.0812,72.6481,0,0.05,,,GAUSSIAN_CENTER,1.65x
maxwell_046_summary.txt,GPU,Finite Difference,float32,omega,20,PEC,PEC,gaussian_center,,"(256, 256)",BICGSTAB,0.0001,1e-06,50,100,10,0,20,0.00%,50.00,0.00,50,50,29.75,2.59,30,1,0.0671,0.0058,0.0723,0.0072,3.3933,0.0218,3.4426,3.3608,67.8665,76.2768,0,0.05,,,GAUSSIAN_CENTER,1.67x
maxwell_042_summary.txt,GPU,Automatic Differentiation,float32,omega,20,PEC,PEC,gaussian_center,,"(256, 256)",BICGSTAB,0.0001,1e-06,50,100,10,0,20,0.00%,50.00,0.00,50,50,29.68,2.94,30,1,0.0680,0.0066,0.0755,0.0063,3.4326,0.0311,3.5161,3.3947,68.6519,77.0658,0,0.05,,,GAUSSIAN_CENTER,1.69x
maxwell_041_summary.txt,GPU,Automatic Differentiation,float32,omega,20,PEC,PEC,gaussian_center,,"(256, 256)",GMRES,0.0001,1e-06,50,100,10,0,20,0.00%,50.00,0.00,50,50,1.00,0.00,1,1,0.2431,0.0213,0.3488,0.1737,12.3260,0.1744,12.6414,11.9306,246.5202,251.9081,0,0.05,,,GAUSSIAN_CENTER,6.08x
maxwell_045_summary.txt,GPU,Finite Difference,float32,omega,20,PEC,PEC,gaussian_center,,"(256, 256)",GMRES,0.0001,1e-06,50,100,10,0,20,0.00%,50.00,0.00,50,50,1.00,0.00,1,1,0.2451,0.0203,0.3402,0.1739,12.4250,0.2077,12.8043,11.9370,248.4996,253.8416,0,0.05,,,GAUSSIAN_CENTER,6.12x
maxwell_092_summary.txt,GPU,Automatic Differentiation,float64,omega,20,PEC,PEC,gaussian_center,,"(512, 512)",BICGSTAB,1e-06,1e-08,50,150,10,7,13,35.00%,35.80,20.27,50,3,29.28,4.43,30,0,0.0654,0.0113,0.0728,0.0004,2.4000,1.4389,3.5836,0.0898,47.9994,54.1224,0,0.05,,,GAUSSIAN_CENTER,1.00x
maxwell_096_summary.txt,GPU,Finite Difference,float64,omega,20,PEC,PEC,gaussian_center,,"(512, 512)",BICGSTAB,1e-06,1e-08,50,150,10,8,12,40.00%,36.65,18.75,50,4,29.48,3.66,30,0,0.0669,0.0106,0.0773,0.0004,2.5178,1.3554,3.6593,0.1718,50.3560,59.6981,0,0.05,,,GAUSSIAN_CENTER,1.05x
maxwell_044_summary.txt,GPU,Automatic Differentiation,float32,omega,20,PEC,PEC,gaussian_center,,"(512, 512)",BICGSTAB,0.0001,1e-06,50,150,10,0,20,0.00%,50.00,0.00,50,50,29.73,2.62,30,2,0.0680,0.0058,0.0730,0.0093,3.4396,0.0304,3.5129,3.3786,68.7919,74.7525,0,0.05,,,GAUSSIAN_CENTER,1.43x
maxwell_048_summary.txt,GPU,Finite Difference,float32,omega,20,PEC,PEC,gaussian_center,,"(512, 512)",BICGSTAB,0.0001,1e-06,50,150,10,0,20,0.00%,50.00,0.00,50,50,29.80,2.22,30,4,0.0689,0.0052,0.0763,0.0135,3.4913,0.0576,3.6760,3.4193,69.8269,75.9034,0,0.05,,,GAUSSIAN_CENTER,1.45x
maxwell_091_summary.txt,GPU,Automatic Differentiation,float64,omega,20,PEC,PEC,gaussian_center,,"(512, 512)",GMRES,1e-06,1e-08,50,150,10,16,4,80.00%,19.45,19.08,50,2,1.00,0.00,1,1,0.3806,0.0755,0.4731,0.0021,8.0537,7.5180,20.1281,1.1201,161.0733,167.5101,0,0.05,,,GAUSSIAN_CENTER,3.36x
maxwell_095_summary.txt,GPU,Finite Difference,float64,omega,20,PEC,PEC,gaussian_center,,"(512, 512)",GMRES,1e-06,1e-08,50,150,10,16,4,80.00%,19.50,19.13,50,2,1.00,0.00,1,1,0.3858,0.0780,0.4919,0.0020,8.1787,7.6513,20.3900,1.1460,163.5746,170.0959,0,0.05,,,GAUSSIAN_CENTER,3.41x
maxwell_043_summary.txt,GPU,Automatic Differentiation,float32,omega,20,PEC,PEC,gaussian_center,,"(512, 512)",GMRES,0.0001,1e-06,50,150,10,0,20,0.00%,50.00,0.00,50,50,1.00,0.00,1,1,0.2779,0.0231,0.4234,0.2085,14.1050,0.1505,14.3318,13.6940,282.1002,288.3173,0,0.05,,,GAUSSIAN_CENTER,5.88x
maxwell_047_summary.txt,GPU,Finite Difference,float32,omega,20,PEC,PEC,gaussian_center,,"(512, 512)",GMRES,0.0001,1e-06,50,150,10,0,20,0.00%,50.00,0.00,50,50,1.00,0.00,1,1,0.2811,0.0243,0.4334,0.2100,14.2615,0.1607,14.5033,13.9420,285.2291,291.3936,0,0.05,,,GAUSSIAN_CENTER,5.94x
maxwell_086_summary.txt,GPU,Finite Difference,float64,omega,20,PEC,PEC,gaussian_center,,"(256, 256)",BICGSTAB,1e-06,1e-08,50,100,10,10,10,50.00%,31.30,20.43,50,3,29.21,4.59,30,0,0.0657,0.0129,0.0813,0.0004,2.1233,1.4846,3.6983,0.0930,42.4654,47.6766,0,0.1,,,GAUSSIAN_CENTER,1.00x
maxwell_082_summary.txt,GPU,Automatic Differentiation,float64,omega,20,PEC,PEC,gaussian_center,,"(256, 256)",BICGSTAB,1e-06,1e-08,50,100,10,10,10,50.00%,31.80,20.30,50,3,29.13,4.99,30,0,0.0650,0.0131,0.0756,0.0004,2.1334,1.4595,3.6121,0.0875,42.6687,47.8859,0,0.1,,,GAUSSIAN_CENTER,1.00x
maxwell_081_summary.txt,GPU,Automatic Differentiation,float64,omega,20,PEC,PEC,gaussian_center,,"(256, 256)",GMRES,1e-06,1e-08,50,100,10,18,2,90.00%,13.15,15.91,50,2,1.00,0.00,1,1,0.2231,0.0576,0.2979,0.0020,3.3357,3.7635,12.0985,0.6573,66.7143,72.1978,0,0.1,,,GAUSSIAN_CENTER,1.57x
maxwell_085_summary.txt,GPU,Finite Difference,float64,omega,20,PEC,PEC,gaussian_center,,"(256, 256)",GMRES,1e-06,1e-08,50,100,10,18,2,90.00%,13.15,15.91,50,2,1.00,0.00,1,1,0.2264,0.0582,0.3270,0.0020,3.3664,3.7822,12.1448,0.6740,67.3271,73.0079,0,0.1,,,GAUSSIAN_CENTER,1.59x
maxwell_034_summary.txt,GPU,Automatic Differentiation,float32,omega,20,PEC,PEC,gaussian_center,,"(256, 256)",BICGSTAB,0.0001,1e-06,50,100,10,0,20,0.00%,50.00,0.00,50,50,29.66,3.04,30,1,0.0674,0.0068,0.0732,0.0061,3.4034,0.0553,3.4925,3.2924,68.0683,76.4798,0,0.1,,,GAUSSIAN_CENTER,1.60x
maxwell_038_summary.txt,GPU,Finite Difference,float32,omega,20,PEC,PEC,gaussian_center,,"(256, 256)",BICGSTAB,0.0001,1e-06,50,100,10,0,20,0.00%,50.00,0.00,50,50,29.70,2.82,30,1,0.0683,0.0066,0.0748,0.0074,3.4527,0.0788,3.6504,3.3542,69.0536,77.3799,0,0.1,,,GAUSSIAN_CENTER,1.63x
maxwell_033_summary.txt,GPU,Automatic Differentiation,float32,omega,20,PEC,PEC,gaussian_center,,"(256, 256)",GMRES,0.0001,1e-06,50,100,10,0,20,0.00%,50.00,0.00,50,50,1.00,0.00,1,1,0.2429,0.0218,0.3525,0.1722,12.3109,0.1466,12.6044,12.0312,246.2177,251.5808,0,0.1,,,GAUSSIAN_CENTER,5.80x
maxwell_037_summary.txt,GPU,Finite Difference,float32,omega,20,PEC,PEC,gaussian_center,,"(256, 256)",GMRES,0.0001,1e-06,50,100,10,0,20,0.00%,50.00,0.00,50,50,1.00,0.00,1,1,0.2456,0.0223,0.3486,0.1683,12.4479,0.1943,12.8108,11.9689,248.9576,254.2484,0,0.1,,,GAUSSIAN_CENTER,5.86x
maxwell_084_summary.txt,GPU,Automatic Differentiation,float64,omega,20,PEC,PEC,gaussian_center,,"(512, 512)",BICGSTAB,1e-06,1e-08,50,150,10,7,13,35.00%,36.65,19.92,50,3,29.31,4.38,30,0,0.0647,0.0110,0.0708,0.0004,2.4260,1.3892,3.4994,0.0894,48.5195,54.7054,0,0.1,,,GAUSSIAN_CENTER,1.00x
maxwell_088_summary.txt,GPU,Finite Difference,float64,omega,20,PEC,PEC,gaussian_center,,"(512, 512)",BICGSTAB,1e-06,1e-08,50,150,10,7,13,35.00%,37.55,18.18,50,5,29.48,3.64,30,0,0.0659,0.0100,0.0748,0.0004,2.5352,1.2925,3.5392,0.2532,50.7044,56.7862,0,0.1,,,GAUSSIAN_CENTER,1.05x
maxwell_036_summary.txt,GPU,Automatic Differentiation,float32,omega,20,PEC,PEC,gaussian_center,,"(512, 512)",BICGSTAB,0.0001,1e-06,50,150,10,0,20,0.00%,50.00,0.00,50,50,29.73,2.61,30,2,0.0685,0.0062,0.0751,0.0085,3.4619,0.0687,3.6002,3.3415,69.2388,75.2984,0,0.1,,,GAUSSIAN_CENTER,1.43x
maxwell_040_summary.txt,GPU,Finite Difference,float32,omega,20,PEC,PEC,gaussian_center,,"(512, 512)",BICGSTAB,0.0001,1e-06,50,150,10,0,20,0.00%,50.00,0.00,50,50,29.81,2.19,30,3,0.0689,0.0051,0.0736,0.0115,3.4932,0.0354,3.5805,3.4238,69.8646,75.8470,0,0.1,,,GAUSSIAN_CENTER,1.44x
maxwell_083_summary.txt,GPU,Automatic Differentiation,float64,omega,20,PEC,PEC,gaussian_center,,"(512, 512)",GMRES,1e-06,1e-08,50,150,10,16,4,80.00%,19.50,19.04,50,2,1.00,0.00,1,1,0.3806,0.0772,0.5126,0.0020,8.0691,7.5013,20.1708,1.1420,161.3811,171.0348,0,0.1,,,GAUSSIAN_CENTER,3.33x
maxwell_087_summary.txt,GPU,Finite Difference,float64,omega,20,PEC,PEC,gaussian_center,,"(512, 512)",GMRES,1e-06,1e-08,50,150,10,16,4,80.00%,19.65,19.01,50,2,1.00,0.00,1,1,0.3853,0.0767,0.5180,0.0020,8.2254,7.5720,20.4099,1.1484,164.5072,170.9072,0,0.1,,,GAUSSIAN_CENTER,3.39x
maxwell_035_summary.txt,GPU,Automatic Differentiation,float32,omega,20,PEC,PEC,gaussian_center,,"(512, 512)",GMRES,0.0001,1e-06,50,150,10,0,20,0.00%,50.00,0.00,50,50,1.00,0.00,1,1,0.2777,0.0242,0.4128,0.2119,14.0884,0.1775,14.3321,13.7491,281.7680,287.9598,0,0.1,,,GAUSSIAN_CENTER,5.81x
maxwell_039_summary.txt,GPU,Finite Difference,float32,omega,20,PEC,PEC,gaussian_center,,"(512, 512)",GMRES,0.0001,1e-06,50,150,10,0,20,0.00%,50.00,0.00,50,50,1.00,0.00,1,1,0.2801,0.0237,0.3760,0.2119,14.2204,0.1809,14.5260,13.6660,284.4087,290.5106,0,0.1,,,GAUSSIAN_CENTER,5.86x
maxwell_074_summary.txt,GPU,Automatic Differentiation,float64,omega,20,PEC,PEC,gaussian_center,,"(256, 256)",BICGSTAB,1e-06,1e-08,50,100,10,10,10,50.00%,33.35,20.25,50,3,29.13,4.96,30,0,0.0643,0.0129,0.0728,0.0004,2.2099,1.4356,3.5062,0.0840,44.1973,49.4204,0,0.5,,,GAUSSIAN_CENTER,1.00x
maxwell_078_summary.txt,GPU,Finite Difference,float64,omega,20,PEC,PEC,gaussian_center,,"(256, 256)",BICGSTAB,1e-06,1e-08,50,100,10,9,11,45.00%,33.20,20.23,50,3,29.26,4.39,30,0,0.0654,0.0119,0.0730,0.0004,2.2364,1.4469,3.5673,0.0952,44.7272,49.9428,0,0.5,,,GAUSSIAN_CENTER,1.01x
maxwell_026_summary.txt,GPU,Automatic Differentiation,float32,omega,20,PEC,PEC,gaussian_center,,"(256, 256)",BICGSTAB,0.0001,1e-06,50,100,10,0,20,0.00%,50.00,0.00,50,50,29.55,3.43,30,0,0.0671,0.0076,0.0741,0.0052,3.3877,0.0504,3.5127,3.3239,67.7549,76.1251,0,0.5,,,GAUSSIAN_CENTER,1.53x
maxwell_073_summary.txt,GPU,Automatic Differentiation,float64,omega,20,PEC,PEC,gaussian_center,,"(256, 256)",GMRES,1e-06,1e-08,50,100,10,18,2,90.00%,13.70,15.57,50,3,1.00,0.00,1,1,0.2235,0.0554,0.3019,0.0020,3.4531,3.6717,12.0430,0.8630,69.0617,74.6766,0,0.5,,,GAUSSIAN_CENTER,1.56x
maxwell_030_summary.txt,GPU,Finite Difference,float32,omega,20,PEC,PEC,gaussian_center,,"(256, 256)",BICGSTAB,0.0001,1e-06,50,100,10,0,20,0.00%,50.00,0.00,50,50,29.66,3.08,30,0,0.0688,0.0069,0.0745,0.0053,3.4791,0.0639,3.6356,3.3920,69.5823,77.9088,0,0.5,,,GAUSSIAN_CENTER,1.57x
maxwell_077_summary.txt,GPU,Finite Difference,float64,omega,20,PEC,PEC,gaussian_center,,"(256, 256)",GMRES,1e-06,1e-08,50,100,10,18,2,90.00%,13.70,15.57,50,3,1.00,0.00,1,1,0.2255,0.0573,0.3246,0.0020,3.4864,3.6933,12.0273,0.9081,69.7276,75.3081,0,0.5,,,GAUSSIAN_CENTER,1.58x
maxwell_025_summary.txt,GPU,Automatic Differentiation,float32,omega,20,PEC,PEC,gaussian_center,,"(256, 256)",GMRES,0.0001,1e-06,50,100,10,0,20,0.00%,50.00,0.00,50,50,1.00,0.00,1,1,0.2424,0.0200,0.3492,0.1715,12.2922,0.1690,12.5437,11.9558,245.8444,251.2065,0,0.5,,,GAUSSIAN_CENTER,5.56x
maxwell_029_summary.txt,GPU,Finite Difference,float32,omega,20,PEC,PEC,gaussian_center,,"(256, 256)",GMRES,0.0001,1e-06,50,100,10,0,20,0.00%,50.00,0.00,50,50,1.00,0.00,1,1,0.2463,0.0234,0.4330,0.1681,12.4784,0.1655,12.8949,12.1276,249.5673,254.9128,0,0.5,,,GAUSSIAN_CENTER,5.65x
maxwell_076_summary.txt,GPU,Automatic Differentiation,float64,omega,20,PEC,PEC,gaussian_center,,"(512, 512)",BICGSTAB,1e-06,1e-08,50,150,10,7,13,35.00%,38.35,18.37,50,3,29.33,4.32,30,0,0.0635,0.0106,0.0709,0.0004,2.4896,1.2625,3.4375,0.0837,49.7914,55.9638,0,0.5,,,GAUSSIAN_CENTER,1.00x
maxwell_080_summary.txt,GPU,Finite Difference,float64,omega,20,PEC,PEC,gaussian_center,,"(512, 512)",BICGSTAB,1e-06,1e-08,50,150,10,6,14,30.00%,39.90,16.53,50,7,29.54,3.54,30,0,0.0651,0.0093,0.0767,0.0004,2.6562,1.1461,3.5188,0.3981,53.1242,59.2347,0,0.5,,,GAUSSIAN_CENTER,1.07x
maxwell_032_summary.txt,GPU,Finite Difference,float32,omega,20,PEC,PEC,gaussian_center,,"(512, 512)",BICGSTAB,0.0001,1e-06,50,150,10,0,20,0.00%,50.00,0.00,50,50,29.69,2.92,30,2,0.0675,0.0065,0.0723,0.0083,3.4265,0.0447,3.5204,3.3729,68.5307,74.6418,0,0.5,,,GAUSSIAN_CENTER,1.38x
maxwell_028_summary.txt,GPU,Automatic Differentiation,float32,omega,20,PEC,PEC,gaussian_center,,"(512, 512)",BICGSTAB,0.0001,1e-06,50,150,10,0,20,0.00%,50.00,0.00,50,50,29.68,2.95,30,1,0.0682,0.0067,0.0751,0.0072,3.4489,0.0936,3.6940,3.3327,68.9771,75.0154,0,0.5,,,GAUSSIAN_CENTER,1.39x
maxwell_079_summary.txt,GPU,Finite Difference,float64,omega,20,PEC,PEC,gaussian_center,,"(512, 512)",GMRES,1e-06,1e-08,50,150,10,16,4,80.00%,20.00,18.76,50,2,1.00,0.00,1,1,0.3854,0.0760,0.5060,0.0021,8.3646,7.4820,20.3620,1.1710,167.2916,176.9910,0,0.5,,,GAUSSIAN_CENTER,3.36x
maxwell_075_summary.txt,GPU,Automatic Differentiation,float64,omega,20,PEC,PEC,gaussian_center,,"(512, 512)",GMRES,1e-06,1e-08,50,150,10,16,4,80.00%,19.95,18.74,50,2,1.00,0.00,1,1,0.3882,0.1754,3.6020,0.0020,8.4059,7.2701,20.0500,1.1253,168.1176,174.5474,0,0.5,,,GAUSSIAN_CENTER,3.38x
maxwell_027_summary.txt,GPU,Automatic Differentiation,float32,omega,20,PEC,PEC,gaussian_center,,"(512, 512)",GMRES,0.0001,1e-06,50,150,10,0,20,0.00%,50.00,0.00,50,50,1.00,0.00,1,1,0.2788,0.0240,0.3908,0.2134,14.1416,0.1942,14.4166,13.7690,282.8326,289.0390,0,0.5,,,GAUSSIAN_CENTER,5.68x
maxwell_031_summary.txt,GPU,Finite Difference,float32,omega,20,PEC,PEC,gaussian_center,,"(512, 512)",GMRES,0.0001,1e-06,50,150,10,0,20,0.00%,50.00,0.00,50,50,1.00,0.00,1,1,0.2797,0.0223,0.3800,0.2093,14.1922,0.1355,14.4697,13.8721,283.8430,289.9979,0,0.5,,,GAUSSIAN_CENTER,5.70x
maxwell_066_summary.txt,GPU,Automatic Differentiation,float64,omega,20,PEC,PEC,dipole,,"(256, 256)",BICGSTAB,1e-06,1e-08,50,100,10,5,15,25.00%,46.80,6.10,50,30,30.00,0.00,30,30,0.0652,0.0051,0.0725,0.0004,3.1306,0.4170,3.5603,2.0056,62.6114,68.3447,0,0.05,,,DIPOLE,1.00x
maxwell_070_summary.txt,GPU,Finite Difference,float64,omega,20,PEC,PEC,dipole,,"(256, 256)",BICGSTAB,1e-06,1e-08,50,100,10,6,14,30.00%,46.90,5.97,50,30,30.00,0.00,30,30,0.0678,0.0058,0.0751,0.0004,3.2696,0.4495,3.7206,2.0567,65.3929,71.1440,0,0.05,,,DIPOLE,1.04x
maxwell_018_summary.txt,GPU,Automatic Differentiation,float32,omega,20,PEC,PEC,dipole,,"(256, 256)",BICGSTAB,0.0001,1e-06,50,100,10,0,20,0.00%,50.00,0.00,50,50,30.00,0.00,30,30,0.0663,0.0016,0.0727,0.0628,3.3813,0.0423,3.4517,3.3185,67.6264,76.5791,0,0.05,,,DIPOLE,1.08x
maxwell_022_summary.txt,GPU,Finite Difference,float32,omega,20,PEC,PEC,dipole,,"(256, 256)",BICGSTAB,0.0001,1e-06,50,100,10,0,20,0.00%,50.00,0.00,50,50,30.00,0.00,30,30,0.0687,0.0018,0.0745,0.0658,3.5008,0.0550,3.6475,3.4197,70.0163,78.9334,0,0.05,,,DIPOLE,1.12x
maxwell_065_summary.txt,GPU,Automatic Differentiation,float64,omega,20,PEC,PEC,dipole,,"(256, 256)",GMRES,1e-06,1e-08,50,100,10,18,2,90.00%,15.20,14.24,50,4,1.00,0.00,1,1,0.2240,0.0530,0.3021,0.0020,3.7877,3.3697,12.1062,1.1400,75.7532,81.8830,0,0.05,,,DIPOLE,1.21x
maxwell_069_summary.txt,GPU,Finite Difference,float64,omega,20,PEC,PEC,dipole,,"(256, 256)",GMRES,1e-06,1e-08,50,100,10,18,2,90.00%,15.20,14.24,50,4,1.00,0.00,1,1,0.2259,0.0550,0.3231,0.0020,3.8339,3.3936,12.1530,1.1780,76.6782,82.7486,0,0.05,,,DIPOLE,1.22x
maxwell_017_summary.txt,GPU,Automatic Differentiation,float32,omega,20,PEC,PEC,dipole,,"(256, 256)",GMRES,0.0001,1e-06,50,100,10,0,20,0.00%,50.00,0.00,50,50,1.00,0.00,1,1,0.2426,0.0231,0.3549,0.1664,12.3015,0.1662,12.6399,11.9273,246.0296,251.9052,0,0.05,,,DIPOLE,3.93x
maxwell_021_summary.txt,GPU,Finite Difference,float32,omega,20,PEC,PEC,dipole,,"(256, 256)",GMRES,0.0001,1e-06,50,100,10,0,20,0.00%,50.00,0.00,50,50,1.00,0.00,1,1,0.2446,0.0223,0.3707,0.1688,12.4035,0.1731,12.8448,12.1428,248.0701,253.9600,0,0.05,,,DIPOLE,3.96x
maxwell_020_summary.txt,GPU,Automatic Differentiation,float32,omega,20,PEC,PEC,dipole,,"(512, 512)",BICGSTAB,0.0001,1e-06,50,150,10,0,20,0.00%,50.00,0.00,50,50,30.00,0.00,30,30,0.0646,0.0010,0.0692,0.0623,3.2942,0.0396,3.4143,3.2454,65.8842,72.4064,9,0.05,,,DIPOLE,1.00x
maxwell_072_summary.txt,GPU,Finite Difference,float64,omega,20,PEC,PEC,dipole,,"(512, 512)",BICGSTAB,1e-06,1e-08,50,150,10,0,20,0.00%,50.00,0.00,50,50,30.00,0.00,30,30,0.0668,0.0019,0.0805,0.0634,3.4094,0.0468,3.5297,3.3273,68.1872,74.9116,10,0.05,,,DIPOLE,1.03x
maxwell_068_summary.txt,GPU,Automatic Differentiation,float64,omega,20,PEC,PEC,dipole,,"(512, 512)",BICGSTAB,1e-06,1e-08,50,150,10,0,20,0.00%,50.00,0.00,50,50,30.00,0.00,30,30,0.0679,0.0016,0.0744,0.0644,3.4641,0.0596,3.6089,3.4057,69.2814,75.9659,10,0.05,,,DIPOLE,1.05x
maxwell_024_summary.txt,GPU,Finite Difference,float32,omega,20,PEC,PEC,dipole,,"(512, 512)",BICGSTAB,0.0001,1e-06,50,150,10,0,20,0.00%,50.00,0.00,50,50,30.00,0.00,30,30,0.0680,0.0018,0.0761,0.0648,3.4661,0.0729,3.6797,3.3430,69.3218,75.9644,9,0.05,,,DIPOLE,1.05x
maxwell_067_summary.txt,GPU,Automatic Differentiation,float64,omega,20,PEC,PEC,dipole,,"(512, 512)",GMRES,1e-06,1e-08,50,150,10,16,4,80.00%,25.00,14.95,50,9,1.00,0.00,1,1,0.3825,0.0683,0.4920,0.0020,10.2167,5.8580,20.0867,3.9089,204.3348,211.5125,0,0.05,,,DIPOLE,3.10x
maxwell_071_summary.txt,GPU,Finite Difference,float64,omega,20,PEC,PEC,dipole,,"(512, 512)",GMRES,1e-06,1e-08,50,150,10,16,4,80.00%,25.00,14.95,50,9,1.00,0.00,1,1,0.3868,0.0688,0.4870,0.0020,10.3401,5.9361,20.3450,3.9161,206.8016,217.1551,0,0.05,,,DIPOLE,3.14x
maxwell_019_summary.txt,GPU,Automatic Differentiation,float32,omega,20,PEC,PEC,dipole,,"(512, 512)",GMRES,0.0001,1e-06,50,150,10,0,20,0.00%,50.00,0.00,50,50,1.00,0.00,1,1,0.2752,0.0256,0.4116,0.2068,13.9765,0.2468,14.3426,13.4140,279.5305,286.2912,0,0.05,,,DIPOLE,4.24x
maxwell_023_summary.txt,GPU,Finite Difference,float32,omega,20,PEC,PEC,dipole,,"(512, 512)",GMRES,0.0001,1e-06,50,150,10,0,20,0.00%,50.00,0.00,50,50,1.00,0.00,1,1,0.2804,0.0256,0.4078,0.2020,14.2284,0.1566,14.6653,13.9350,284.5681,291.2947,0,0.05,,,DIPOLE,4.32x
maxwell_062_summary.txt,GPU,Finite Difference,float64,omega,20,PEC,PEC,dipole,,"(256, 256)",BICGSTAB,1e-06,1e-08,50,100,10,5,15,25.00%,46.90,6.06,50,30,30.00,0.00,30,30,0.0654,0.0049,0.0729,0.0004,3.1494,0.4112,3.5294,2.0377,62.9880,68.7584,0,0.1,,,DIPOLE,1.00x
maxwell_058_summary.txt,GPU,Automatic Differentiation,float64,omega,20,PEC,PEC,dipole,,"(256, 256)",BICGSTAB,1e-06,1e-08,50,100,10,6,14,30.00%,46.70,6.17,50,29,30.00,0.00,30,30,0.0665,0.0054,0.0727,0.0004,3.1909,0.4195,3.4872,2.0005,63.8175,69.5734,0,0.1,,,DIPOLE,1.01x
maxwell_010_summary.txt,GPU,Automatic Differentiation,float32,omega,20,PEC,PEC,dipole,,"(256, 256)",BICGSTAB,0.0001,1e-06,50,100,10,0,20,0.00%,50.00,0.00,50,50,30.00,0.00,30,30,0.0663,0.0015,0.0732,0.0638,3.3814,0.0400,3.5038,3.3363,67.6274,76.5350,0,0.1,,,DIPOLE,1.07x
maxwell_014_summary.txt,GPU,Finite Difference,float32,omega,20,PEC,PEC,dipole,,"(256, 256)",BICGSTAB,0.0001,1e-06,50,100,10,0,20,0.00%,50.00,0.00,50,50,30.00,0.00,30,30,0.0678,0.0027,0.0777,0.0647,3.4570,0.1047,3.7190,3.3605,69.1397,78.0669,0,0.1,,,DIPOLE,1.10x
maxwell_057_summary.txt,GPU,Automatic Differentiation,float64,omega,20,PEC,PEC,dipole,,"(256, 256)",GMRES,1e-06,1e-08,50,100,10,18,2,90.00%,15.20,14.24,50,4,1.00,0.00,1,1,0.2261,0.0548,0.3349,0.0020,3.8293,3.3806,12.1910,1.1141,76.5870,82.7646,0,0.1,,,DIPOLE,1.22x
maxwell_061_summary.txt,GPU,Finite Difference,float64,omega,20,PEC,PEC,dipole,,"(256, 256)",GMRES,1e-06,1e-08,50,100,10,18,2,90.00%,15.20,14.24,50,4,1.00,0.00,1,1,0.2266,0.0550,0.3229,0.0020,3.8455,3.3731,12.1215,1.1710,76.9103,82.9930,0,0.1,,,DIPOLE,1.22x
maxwell_009_summary.txt,GPU,Automatic Differentiation,float32,omega,20,PEC,PEC,dipole,,"(256, 256)",GMRES,0.0001,1e-06,50,100,10,0,20,0.00%,50.00,0.00,50,50,1.00,0.00,1,1,0.2403,0.0218,0.3370,0.1716,12.1833,0.1419,12.4706,11.8523,243.6657,249.5700,0,0.1,,,DIPOLE,3.87x
maxwell_013_summary.txt,GPU,Finite Difference,float32,omega,20,PEC,PEC,dipole,,"(256, 256)",GMRES,0.0001,1e-06,50,100,10,0,20,0.00%,50.00,0.00,50,50,1.00,0.00,1,1,0.2442,0.0250,0.3728,0.1694,12.3850,0.1791,12.8025,11.9650,247.6999,253.5585,0,0.1,,,DIPOLE,3.93x
maxwell_016_summary.txt,GPU,Finite Difference,float32,omega,20,PEC,PEC,dipole,,"(512, 512)",BICGSTAB,0.0001,1e-06,50,150,10,0,20,0.00%,50.00,0.00,50,50,30.00,0.00,30,30,0.0662,0.0012,0.0715,0.0645,3.3768,0.0479,3.5048,3.3073,67.5351,74.1424,9,0.1,,,DIPOLE,1.00x
maxwell_060_summary.txt,GPU,Automatic Differentiation,float64,omega,20,PEC,PEC,dipole,,"(512, 512)",BICGSTAB,1e-06,1e-08,50,150,10,0,20,0.00%,50.00,0.00,50,50,30.00,0.00,30,30,0.0669,0.0013,0.0723,0.0643,3.4115,0.0462,3.5725,3.3592,68.2294,74.9867,10,0.1,,,DIPOLE,1.01x
maxwell_012_summary.txt,GPU,Automatic Differentiation,float32,omega,20,PEC,PEC,dipole,,"(512, 512)",BICGSTAB,0.0001,1e-06,50,150,10,0,20,0.00%,50.00,0.00,50,50,30.00,0.00,30,30,0.0670,0.0012,0.0728,0.0640,3.4172,0.0353,3.4748,3.3579,68.3438,74.8960,9,0.1,,,DIPOLE,1.01x
maxwell_064_summary.txt,GPU,Finite Difference,float64,omega,20,PEC,PEC,dipole,,"(512, 512)",BICGSTAB,1e-06,1e-08,50,150,10,0,20,0.00%,50.00,0.00,50,50,30.00,0.00,30,30,0.0677,0.0015,0.0784,0.0655,3.4542,0.0501,3.6094,3.3885,69.0850,75.7170,10,0.1,,,DIPOLE,1.02x
maxwell_059_summary.txt,GPU,Automatic Differentiation,float64,omega,20,PEC,PEC,dipole,,"(512, 512)",GMRES,1e-06,1e-08,50,150,10,16,4,80.00%,25.00,14.95,50,9,1.00,0.00,1,1,0.3841,0.0687,0.4920,0.0110,10.2584,5.8819,20.1051,3.9489,205.1676,212.2908,0,0.1,,,DIPOLE,3.04x
maxwell_063_summary.txt,GPU,Finite Difference,float64,omega,20,PEC,PEC,dipole,,"(512, 512)",GMRES,1e-06,1e-08,50,150,10,16,4,80.00%,25.00,14.95,50,9,1.00,0.00,1,1,0.3875,0.0694,0.4940,0.0007,10.3560,5.9744,20.4240,4.0299,207.1191,214.2002,0,0.1,,,DIPOLE,3.07x
maxwell_011_summary.txt,GPU,Automatic Differentiation,float32,omega,20,PEC,PEC,dipole,,"(512, 512)",GMRES,0.0001,1e-06,50,150,10,0,20,0.00%,50.00,0.00,50,50,1.00,0.00,1,1,0.2759,0.0247,0.3706,0.2021,14.0024,0.1975,14.4378,13.7250,280.0483,286.7861,0,0.1,,,DIPOLE,4.15x
maxwell_015_summary.txt,GPU,Finite Difference,float32,omega,20,PEC,PEC,dipole,,"(512, 512)",GMRES,0.0001,1e-06,50,150,10,0,20,0.00%,50.00,0.00,50,50,1.00,0.00,1,1,0.2792,0.0274,0.4510,0.2071,14.1729,0.2492,14.6698,13.5600,283.4589,290.1318,0,0.1,,,DIPOLE,4.20x
maxwell_054_summary.txt,GPU,Finite Difference,float64,omega,20,PEC,PEC,dipole,,"(256, 256)",BICGSTAB,1e-06,1e-08,50,100,10,5,15,25.00%,47.30,5.72,50,31,30.00,0.00,30,30,0.0667,0.0049,0.0720,0.0004,3.2391,0.3912,3.5151,2.1354,64.7818,73.6488,0,0.5,,,DIPOLE,1.00x
maxwell_050_summary.txt,GPU,Automatic Differentiation,float64,omega,20,PEC,PEC,dipole,,"(256, 256)",BICGSTAB,1e-06,1e-08,50,100,10,4,16,20.00%,47.50,5.24,50,32,30.00,0.00,30,30,0.0669,0.0045,0.0732,0.0004,3.2588,0.3449,3.5293,2.2538,65.1757,74.0967,0,0.5,,,DIPOLE,1.01x
maxwell_002_summary.txt,GPU,Automatic Differentiation,float32,omega,20,PEC,PEC,dipole,,"(256, 256)",BICGSTAB,0.0001,1e-06,50,100,10,0,20,0.00%,50.00,0.00,50,50,30.00,0.00,30,30,0.0663,0.0022,0.0766,0.0637,3.3809,0.0879,3.7209,3.3042,67.6174,76.1745,0,0.5,,,DIPOLE,1.04x
maxwell_006_summary.txt,GPU,Finite Difference,float32,omega,20,PEC,PEC,dipole,,"(256, 256)",BICGSTAB,0.0001,1e-06,50,100,10,0,20,0.00%,50.00,0.00,50,50,30.00,0.00,30,30,0.0683,0.0017,0.0745,0.0648,3.4798,0.0436,3.5527,3.3826,69.5968,75.3270,0,0.5,,,DIPOLE,1.07x
maxwell_053_summary.txt,GPU,Finite Difference,float64,omega,20,PEC,PEC,dipole,,"(256, 256)",GMRES,1e-06,1e-08,50,100,10,18,2,90.00%,15.20,14.24,50,4,1.00,0.00,1,1,0.2294,0.0600,0.6336,0.0020,3.9109,3.5419,13.1296,1.1340,78.2172,84.3502,0,0.5,,,DIPOLE,1.21x
maxwell_049_summary.txt,GPU,Automatic Differentiation,float64,omega,20,PEC,PEC,dipole,,"(256, 256)",GMRES,1e-06,1e-08,50,100,10,18,2,90.00%,15.20,14.24,50,4,1.00,0.00,1,1,0.2277,0.0834,1.3647,0.0020,3.9125,3.6691,14.4102,1.1100,78.2492,84.4724,0,0.5,,,DIPOLE,1.21x
maxwell_001_summary.txt,GPU,Automatic Differentiation,float32,omega,20,PEC,PEC,dipole,,"(256, 256)",GMRES,0.0001,1e-06,50,100,10,0,20,0.00%,50.00,0.00,50,50,1.00,0.00,1,1,0.2415,0.0378,1.2200,0.1708,12.2977,0.3638,13.7626,11.9469,245.9544,252.4762,0,0.5,,,DIPOLE,3.80x
maxwell_005_summary.txt,GPU,Finite Difference,float32,omega,20,PEC,PEC,dipole,,"(256, 256)",GMRES,0.0001,1e-06,50,100,10,0,20,0.00%,50.00,0.00,50,50,1.00,0.00,1,1,0.2425,0.0263,0.6625,0.1681,12.3173,0.2986,12.9926,11.6039,246.3461,252.1645,0,0.5,,,DIPOLE,3.80x
maxwell_004_summary.txt,GPU,Automatic Differentiation,float32,omega,20,PEC,PEC,dipole,,"(512, 512)",BICGSTAB,0.0001,1e-06,50,150,10,0,20,0.00%,50.00,0.00,50,50,30.00,0.00,30,30,0.0660,0.0023,0.0752,0.0634,3.3646,0.1056,3.6417,3.2610,67.2916,73.8338,10,0.5,,,DIPOLE,1.00x
maxwell_052_summary.txt,GPU,Automatic Differentiation,float64,omega,20,PEC,PEC,dipole,,"(512, 512)",BICGSTAB,1e-06,1e-08,50,150,10,0,20,0.00%,50.00,0.00,50,50,29.93,1.37,30,2,0.0666,0.0034,0.0752,0.0084,3.3954,0.0530,3.5000,3.3003,67.9080,74.5969,10,0.5,,,DIPOLE,1.01x
maxwell_008_summary.txt,GPU,Finite Difference,float32,omega,20,PEC,PEC,dipole,,"(512, 512)",BICGSTAB,0.0001,1e-06,50,150,10,0,20,0.00%,50.00,0.00,50,50,30.00,0.00,30,30,0.0673,0.0019,0.0731,0.0635,3.4323,0.0741,3.6026,3.3354,68.6469,75.1924,10,0.5,,,DIPOLE,1.02x
maxwell_056_summary.txt,GPU,Finite Difference,float64,omega,20,PEC,PEC,dipole,,"(512, 512)",BICGSTAB,1e-06,1e-08,50,150,10,0,20,0.00%,50.00,0.00,50,50,30.00,0.00,30,30,0.0676,0.0017,0.0805,0.0641,3.4480,0.0567,3.6144,3.3870,68.9606,75.6315,10,0.5,,,DIPOLE,1.02x
maxwell_055_summary.txt,GPU,Finite Difference,float64,omega,20,PEC,PEC,dipole,,"(512, 512)",GMRES,1e-06,1e-08,50,150,10,16,4,80.00%,25.00,14.95,50,9,1.00,0.00,1,1,0.3897,0.0791,1.2155,0.0021,10.4731,6.1601,22.5117,3.9430,209.4626,216.5336,0,0.5,,,DIPOLE,3.11x
maxwell_051_summary.txt,GPU,Automatic Differentiation,float64,omega,20,PEC,PEC,dipole,,"(512, 512)",GMRES,1e-06,1e-08,50,150,10,16,4,80.00%,25.00,14.95,50,9,1.00,0.00,1,1,0.3875,0.1109,2.3494,0.0020,10.4767,6.3799,24.6668,3.9170,209.5330,216.7668,0,0.5,,,DIPOLE,3.11x
maxwell_003_summary.txt,GPU,Automatic Differentiation,float32,omega,20,PEC,PEC,dipole,,"(512, 512)",GMRES,0.0001,1e-06,50,150,10,0,20,0.00%,50.00,0.00,50,50,1.00,0.00,1,1,0.2770,0.0565,1.9056,0.2056,14.1350,0.6020,16.7124,13.7111,282.6992,290.0179,0,0.5,,,DIPOLE,4.20x
maxwell_007_summary.txt,GPU,Finite Difference,float32,omega,20,PEC,PEC,dipole,,"(512, 512)",GMRES,0.0001,1e-06,50,150,10,0,20,0.00%,50.00,0.00,50,50,1.00,0.00,1,1,0.2792,0.0360,1.0497,0.2094,14.2080,0.3723,15.6220,13.8298,284.1603,290.9058,0,0.5,,,DIPOLE,4.22x
